collab_id,period,year,month,source_dept,target_dept,collaboration_type,interactions_count,avg_resolution_days,satisfaction_score,outcome,region
COLLAB0001,2025-01-01,2025,Jan 2025,Finance,HR,Escalation,24,10.8,59.0,Successful,Central
COLLAB0002,2025-01-01,2025,Jan 2025,Finance,HR,Review,48,12.0,60.5,Partial,Central
COLLAB0003,2025-01-01,2025,Jan 2025,Finance,IT,Review,21,10.0,90.4,Failed,East
COLLAB0004,2025-01-01,2025,Jan 2025,Finance,IT,Review,9,1.9,90.6,Successful,East
COLLAB0005,2025-01-01,2025,Jan 2025,Finance,IT,Support,33,6.0,96.7,Partial,East
COLLAB0006,2025-01-01,2025,Jan 2025,Finance,Operations,Escalation,40,7.5,56.9,Successful,East
COLLAB0007,2025-01-01,2025,Jan 2025,Finance,Operations,Project,46,14.5,69.0,Partial,West
COLLAB0008,2025-01-01,2025,Jan 2025,Finance,Operations,Training,21,3.7,60.6,Successful,West
COLLAB0009,2025-01-01,2025,Jan 2025,Finance,Operations,Review,30,7.1,90.8,Successful,West
COLLAB0010,2025-01-01,2025,Jan 2025,Finance,Sales,Escalation,39,12.3,71.7,Successful,Central
COLLAB0011,2025-01-01,2025,Jan 2025,Finance,Sales,Training,17,3.0,63.6,Partial,Central
COLLAB0012,2025-01-01,2025,Jan 2025,Finance,Sales,Project,40,10.9,88.6,Partial,West
COLLAB0013,2025-01-01,2025,Jan 2025,HR,Finance,Review,6,2.6,83.7,Successful,North
COLLAB0014,2025-01-01,2025,Jan 2025,HR,Finance,Escalation,26,11.7,82.3,Successful,East
COLLAB0015,2025-01-01,2025,Jan 2025,HR,Finance,Review,40,1.4,73.8,Successful,South
COLLAB0016,2025-01-01,2025,Jan 2025,HR,IT,Support,49,4.3,57.5,Successful,Central
COLLAB0017,2025-01-01,2025,Jan 2025,HR,IT,Training,17,10.3,79.0,Successful,East
COLLAB0018,2025-01-01,2025,Jan 2025,HR,IT,Escalation,23,12.4,62.2,Partial,East
COLLAB0019,2025-01-01,2025,Jan 2025,HR,IT,Support,6,11.1,74.9,Successful,West
COLLAB0020,2025-01-01,2025,Jan 2025,HR,Operations,Training,27,10.7,74.2,Successful,North
COLLAB0021,2025-01-01,2025,Jan 2025,HR,Operations,Support,35,6.1,58.8,Successful,West
COLLAB0022,2025-01-01,2025,Jan 2025,HR,Sales,Project,21,10.8,66.4,Failed,Central
COLLAB0023,2025-01-01,2025,Jan 2025,HR,Sales,Escalation,48,11.0,74.3,Partial,West
COLLAB0024,2025-01-01,2025,Jan 2025,HR,Sales,Support,25,7.4,63.7,Successful,Central
COLLAB0025,2025-01-01,2025,Jan 2025,IT,Finance,Support,29,13.0,87.6,Successful,North
COLLAB0026,2025-01-01,2025,Jan 2025,IT,Finance,Review,37,9.8,80.1,Successful,North
COLLAB0027,2025-01-01,2025,Jan 2025,IT,Finance,Escalation,39,1.6,76.2,Successful,East
COLLAB0028,2025-01-01,2025,Jan 2025,IT,Finance,Project,19,2.4,80.3,Successful,West
COLLAB0029,2025-01-01,2025,Jan 2025,IT,HR,Support,46,5.9,80.4,Successful,South
COLLAB0030,2025-01-01,2025,Jan 2025,IT,HR,Project,23,12.0,58.6,Failed,East
COLLAB0031,2025-01-01,2025,Jan 2025,IT,Operations,Review,24,9.0,75.4,Successful,Central
COLLAB0032,2025-01-01,2025,Jan 2025,IT,Operations,Training,17,8.3,73.9,Successful,South
COLLAB0033,2025-01-01,2025,Jan 2025,IT,Sales,Support,42,3.0,78.8,Failed,South
COLLAB0034,2025-01-01,2025,Jan 2025,IT,Sales,Project,10,10.2,86.3,Partial,South
COLLAB0035,2025-01-01,2025,Jan 2025,Operations,Finance,Escalation,32,4.2,56.6,Successful,Central
COLLAB0036,2025-01-01,2025,Jan 2025,Operations,Finance,Project,29,12.6,89.8,Successful,Central
COLLAB0037,2025-01-01,2025,Jan 2025,Operations,Finance,Support,33,8.2,66.0,Failed,South
COLLAB0038,2025-01-01,2025,Jan 2025,Operations,Finance,Training,47,1.6,73.7,Successful,Central
COLLAB0039,2025-01-01,2025,Jan 2025,Operations,HR,Project,45,13.5,93.4,Partial,North
COLLAB0040,2025-01-01,2025,Jan 2025,Operations,HR,Review,5,10.3,71.1,Successful,West
COLLAB0041,2025-01-01,2025,Jan 2025,Operations,HR,Training,9,4.7,95.3,Partial,Central
COLLAB0042,2025-01-01,2025,Jan 2025,Operations,HR,Support,8,3.1,62.7,Successful,Central
COLLAB0043,2025-01-01,2025,Jan 2025,Operations,IT,Review,7,5.3,88.4,Partial,North
COLLAB0044,2025-01-01,2025,Jan 2025,Operations,IT,Support,48,3.0,55.6,Successful,North
COLLAB0045,2025-01-01,2025,Jan 2025,Operations,IT,Support,5,2.7,76.8,Successful,West
COLLAB0046,2025-01-01,2025,Jan 2025,Operations,Sales,Escalation,23,12.3,85.8,Successful,North
COLLAB0047,2025-01-01,2025,Jan 2025,Operations,Sales,Project,38,2.7,94.9,Successful,North
COLLAB0048,2025-01-01,2025,Jan 2025,Operations,Sales,Support,10,10.3,96.1,Successful,East
COLLAB0049,2025-01-01,2025,Jan 2025,Operations,Sales,Review,17,1.3,78.9,Failed,North
COLLAB0050,2025-01-01,2025,Jan 2025,Sales,Finance,Training,9,6.9,96.5,Successful,North
COLLAB0051,2025-01-01,2025,Jan 2025,Sales,Finance,Review,38,7.5,88.7,Failed,Central
COLLAB0052,2025-01-01,2025,Jan 2025,Sales,Finance,Training,5,12.6,89.3,Successful,East
COLLAB0053,2025-01-01,2025,Jan 2025,Sales,HR,Support,28,13.1,80.9,Partial,South
COLLAB0054,2025-01-01,2025,Jan 2025,Sales,HR,Review,46,10.1,92.3,Successful,East
COLLAB0055,2025-01-01,2025,Jan 2025,Sales,IT,Review,17,11.4,90.1,Successful,South
COLLAB0056,2025-01-01,2025,Jan 2025,Sales,IT,Training,9,9.3,61.3,Successful,North
COLLAB0057,2025-01-01,2025,Jan 2025,Sales,Operations,Support,18,13.9,62.1,Successful,North
COLLAB0058,2025-01-01,2025,Jan 2025,Sales,Operations,Support,25,1.3,57.4,Successful,North
COLLAB0059,2025-01-01,2025,Jan 2025,Sales,Operations,Project,12,9.3,84.3,Successful,Central
COLLAB0060,2025-01-01,2025,Jan 2025,Sales,Operations,Support,49,13.3,91.6,Successful,East
COLLAB0061,2025-02-01,2025,Feb 2025,Finance,HR,Project,45,4.5,79.6,Successful,South
COLLAB0062,2025-02-01,2025,Feb 2025,Finance,HR,Training,23,6.2,77.5,Successful,Central
COLLAB0063,2025-02-01,2025,Feb 2025,Finance,HR,Project,9,13.9,59.3,Partial,North
COLLAB0064,2025-02-01,2025,Feb 2025,Finance,IT,Training,15,12.2,88.5,Failed,Central
COLLAB0065,2025-02-01,2025,Feb 2025,Finance,IT,Escalation,33,2.9,78.1,Partial,South
COLLAB0066,2025-02-01,2025,Feb 2025,Finance,IT,Review,42,6.4,82.5,Partial,East
COLLAB0067,2025-02-01,2025,Feb 2025,Finance,IT,Support,16,7.7,72.9,Successful,West
COLLAB0068,2025-02-01,2025,Feb 2025,Finance,Operations,Support,21,5.6,71.3,Successful,North
COLLAB0069,2025-02-01,2025,Feb 2025,Finance,Operations,Escalation,40,13.8,75.7,Successful,Central
COLLAB0070,2025-02-01,2025,Feb 2025,Finance,Sales,Support,48,10.1,89.6,Successful,Central
COLLAB0071,2025-02-01,2025,Feb 2025,Finance,Sales,Review,28,5.0,86.6,Partial,North
COLLAB0072,2025-02-01,2025,Feb 2025,Finance,Sales,Support,27,2.8,81.4,Partial,Central
COLLAB0073,2025-02-01,2025,Feb 2025,Finance,Sales,Escalation,9,2.2,95.2,Partial,West
COLLAB0074,2025-02-01,2025,Feb 2025,HR,Finance,Training,48,9.3,88.7,Partial,Central
COLLAB0075,2025-02-01,2025,Feb 2025,HR,Finance,Escalation,9,9.3,59.1,Failed,South
COLLAB0076,2025-02-01,2025,Feb 2025,HR,IT,Escalation,10,9.0,75.0,Successful,East
COLLAB0077,2025-02-01,2025,Feb 2025,HR,IT,Escalation,28,12.2,76.2,Partial,South
COLLAB0078,2025-02-01,2025,Feb 2025,HR,IT,Review,43,2.6,58.8,Failed,North
COLLAB0079,2025-02-01,2025,Feb 2025,HR,Operations,Escalation,46,10.4,69.3,Successful,West
COLLAB0080,2025-02-01,2025,Feb 2025,HR,Operations,Escalation,45,4.8,70.7,Partial,East
COLLAB0081,2025-02-01,2025,Feb 2025,HR,Operations,Support,48,14.1,73.8,Successful,North
COLLAB0082,2025-02-01,2025,Feb 2025,HR,Sales,Support,12,14.1,88.6,Partial,East
COLLAB0083,2025-02-01,2025,Feb 2025,HR,Sales,Escalation,26,14.8,85.9,Successful,Central
COLLAB0084,2025-02-01,2025,Feb 2025,HR,Sales,Training,17,9.9,60.2,Successful,Central
COLLAB0085,2025-02-01,2025,Feb 2025,HR,Sales,Review,31,1.2,74.5,Partial,West
COLLAB0086,2025-02-01,2025,Feb 2025,IT,Finance,Review,18,7.2,68.0,Successful,East
COLLAB0087,2025-02-01,2025,Feb 2025,IT,Finance,Training,29,15.0,92.8,Partial,North
COLLAB0088,2025-02-01,2025,Feb 2025,IT,Finance,Escalation,17,2.5,98.0,Partial,North
COLLAB0089,2025-02-01,2025,Feb 2025,IT,Finance,Escalation,33,13.6,56.2,Partial,North
COLLAB0090,2025-02-01,2025,Feb 2025,IT,HR,Support,43,3.8,94.2,Successful,West
COLLAB0091,2025-02-01,2025,Feb 2025,IT,HR,Support,34,1.1,57.2,Successful,Central
COLLAB0092,2025-02-01,2025,Feb 2025,IT,Operations,Training,41,12.9,57.5,Successful,West
COLLAB0093,2025-02-01,2025,Feb 2025,IT,Operations,Training,10,10.8,91.0,Failed,West
COLLAB0094,2025-02-01,2025,Feb 2025,IT,Operations,Review,6,2.7,76.7,Successful,East
COLLAB0095,2025-02-01,2025,Feb 2025,IT,Sales,Review,33,3.2,86.6,Partial,North
COLLAB0096,2025-02-01,2025,Feb 2025,IT,Sales,Project,9,14.7,81.3,Successful,West
COLLAB0097,2025-02-01,2025,Feb 2025,IT,Sales,Review,7,1.6,93.0,Partial,East
COLLAB0098,2025-02-01,2025,Feb 2025,IT,Sales,Escalation,21,3.6,97.1,Successful,North
COLLAB0099,2025-02-01,2025,Feb 2025,Operations,Finance,Review,16,9.0,61.2,Partial,West
COLLAB0100,2025-02-01,2025,Feb 2025,Operations,Finance,Support,47,9.1,85.1,Successful,South
COLLAB0101,2025-02-01,2025,Feb 2025,Operations,Finance,Escalation,12,8.1,72.4,Failed,North
COLLAB0102,2025-02-01,2025,Feb 2025,Operations,HR,Review,48,4.9,68.1,Successful,North
COLLAB0103,2025-02-01,2025,Feb 2025,Operations,HR,Escalation,24,9.9,72.7,Partial,North
COLLAB0104,2025-02-01,2025,Feb 2025,Operations,HR,Review,47,5.4,56.6,Successful,East
COLLAB0105,2025-02-01,2025,Feb 2025,Operations,HR,Support,23,4.2,79.6,Successful,South
COLLAB0106,2025-02-01,2025,Feb 2025,Operations,IT,Review,36,10.1,68.6,Partial,South
COLLAB0107,2025-02-01,2025,Feb 2025,Operations,IT,Escalation,13,9.8,70.5,Successful,East
COLLAB0108,2025-02-01,2025,Feb 2025,Operations,IT,Training,28,13.4,94.6,Partial,Central
COLLAB0109,2025-02-01,2025,Feb 2025,Operations,Sales,Escalation,28,5.4,91.0,Partial,South
COLLAB0110,2025-02-01,2025,Feb 2025,Operations,Sales,Review,7,12.8,57.4,Successful,North
COLLAB0111,2025-02-01,2025,Feb 2025,Operations,Sales,Project,17,3.4,68.5,Successful,North
COLLAB0112,2025-02-01,2025,Feb 2025,Sales,Finance,Training,5,13.0,71.0,Partial,West
COLLAB0113,2025-02-01,2025,Feb 2025,Sales,Finance,Project,35,6.1,96.2,Partial,North
COLLAB0114,2025-02-01,2025,Feb 2025,Sales,Finance,Project,49,5.4,84.6,Partial,North
COLLAB0115,2025-02-01,2025,Feb 2025,Sales,Finance,Escalation,46,1.2,64.0,Successful,West
COLLAB0116,2025-02-01,2025,Feb 2025,Sales,HR,Review,37,12.7,97.5,Successful,North
COLLAB0117,2025-02-01,2025,Feb 2025,Sales,HR,Training,30,14.9,61.1,Partial,East
COLLAB0118,2025-02-01,2025,Feb 2025,Sales,HR,Review,19,11.6,73.7,Successful,North
COLLAB0119,2025-02-01,2025,Feb 2025,Sales,HR,Review,26,3.5,94.0,Successful,Central
COLLAB0120,2025-02-01,2025,Feb 2025,Sales,IT,Escalation,15,7.9,80.2,Successful,West
COLLAB0121,2025-02-01,2025,Feb 2025,Sales,IT,Review,17,12.8,82.4,Successful,South
COLLAB0122,2025-02-01,2025,Feb 2025,Sales,Operations,Escalation,40,1.8,70.8,Partial,West
COLLAB0123,2025-02-01,2025,Feb 2025,Sales,Operations,Escalation,29,12.8,75.8,Successful,East
COLLAB0124,2025-02-01,2025,Feb 2025,Sales,Operations,Escalation,21,13.7,80.2,Partial,East
COLLAB0125,2025-03-01,2025,Mar 2025,Finance,HR,Training,31,8.4,59.5,Successful,East
COLLAB0126,2025-03-01,2025,Mar 2025,Finance,HR,Project,22,9.8,62.6,Failed,North
COLLAB0127,2025-03-01,2025,Mar 2025,Finance,IT,Support,13,14.0,74.3,Successful,East
COLLAB0128,2025-03-01,2025,Mar 2025,Finance,IT,Support,30,4.9,85.2,Successful,North
COLLAB0129,2025-03-01,2025,Mar 2025,Finance,IT,Review,33,9.7,75.5,Failed,Central
COLLAB0130,2025-03-01,2025,Mar 2025,Finance,Operations,Escalation,45,14.5,88.6,Partial,East
COLLAB0131,2025-03-01,2025,Mar 2025,Finance,Operations,Training,27,7.2,78.8,Successful,West
COLLAB0132,2025-03-01,2025,Mar 2025,Finance,Operations,Training,34,14.8,67.4,Failed,Central
COLLAB0133,2025-03-01,2025,Mar 2025,Finance,Operations,Escalation,33,2.7,56.8,Partial,South
COLLAB0134,2025-03-01,2025,Mar 2025,Finance,Sales,Escalation,44,7.5,97.1,Successful,Central
COLLAB0135,2025-03-01,2025,Mar 2025,Finance,Sales,Support,23,2.2,78.9,Partial,East
COLLAB0136,2025-03-01,2025,Mar 2025,Finance,Sales,Training,25,1.5,71.0,Failed,Central
COLLAB0137,2025-03-01,2025,Mar 2025,HR,Finance,Project,46,11.0,88.3,Successful,West
COLLAB0138,2025-03-01,2025,Mar 2025,HR,Finance,Project,43,12.2,57.1,Partial,Central
COLLAB0139,2025-03-01,2025,Mar 2025,HR,Finance,Support,15,1.1,77.1,Partial,Central
COLLAB0140,2025-03-01,2025,Mar 2025,HR,Finance,Support,35,6.6,93.5,Successful,West
COLLAB0141,2025-03-01,2025,Mar 2025,HR,IT,Support,15,5.9,91.7,Partial,Central
COLLAB0142,2025-03-01,2025,Mar 2025,HR,IT,Support,25,4.8,93.1,Successful,South
COLLAB0143,2025-03-01,2025,Mar 2025,HR,IT,Training,13,5.8,85.9,Successful,East
COLLAB0144,2025-03-01,2025,Mar 2025,HR,IT,Training,33,6.7,60.9,Failed,South
COLLAB0145,2025-03-01,2025,Mar 2025,HR,Operations,Review,43,9.3,71.9,Failed,West
COLLAB0146,2025-03-01,2025,Mar 2025,HR,Operations,Review,46,2.9,70.7,Successful,North
COLLAB0147,2025-03-01,2025,Mar 2025,HR,Sales,Support,14,7.3,82.3,Successful,Central
COLLAB0148,2025-03-01,2025,Mar 2025,HR,Sales,Support,44,11.5,78.3,Successful,Central
COLLAB0149,2025-03-01,2025,Mar 2025,IT,Finance,Support,22,5.6,94.1,Failed,South
COLLAB0150,2025-03-01,2025,Mar 2025,IT,Finance,Support,28,9.3,83.1,Partial,North
COLLAB0151,2025-03-01,2025,Mar 2025,IT,Finance,Support,18,3.2,92.6,Successful,South
COLLAB0152,2025-03-01,2025,Mar 2025,IT,Finance,Project,17,12.1,88.7,Successful,West
COLLAB0153,2025-03-01,2025,Mar 2025,IT,HR,Training,26,10.4,90.0,Failed,West
COLLAB0154,2025-03-01,2025,Mar 2025,IT,HR,Training,26,8.9,59.4,Partial,North
COLLAB0155,2025-03-01,2025,Mar 2025,IT,HR,Review,34,8.2,73.6,Failed,North
COLLAB0156,2025-03-01,2025,Mar 2025,IT,Operations,Training,48,1.6,65.6,Successful,East
COLLAB0157,2025-03-01,2025,Mar 2025,IT,Operations,Project,16,5.4,57.2,Successful,East
COLLAB0158,2025-03-01,2025,Mar 2025,IT,Sales,Project,39,10.8,63.9,Successful,North
COLLAB0159,2025-03-01,2025,Mar 2025,IT,Sales,Training,18,6.8,55.1,Successful,South
COLLAB0160,2025-03-01,2025,Mar 2025,IT,Sales,Project,12,8.1,76.0,Partial,North
COLLAB0161,2025-03-01,2025,Mar 2025,IT,Sales,Project,19,11.9,91.2,Successful,East
COLLAB0162,2025-03-01,2025,Mar 2025,Operations,Finance,Support,19,7.7,84.4,Successful,South
COLLAB0163,2025-03-01,2025,Mar 2025,Operations,Finance,Support,16,1.7,74.8,Successful,Central
COLLAB0164,2025-03-01,2025,Mar 2025,Operations,HR,Escalation,32,2.9,94.5,Successful,North
COLLAB0165,2025-03-01,2025,Mar 2025,Operations,HR,Project,5,1.4,59.8,Successful,West
COLLAB0166,2025-03-01,2025,Mar 2025,Operations,HR,Escalation,8,9.3,91.5,Successful,East
COLLAB0167,2025-03-01,2025,Mar 2025,Operations,HR,Review,5,9.7,62.0,Partial,Central
COLLAB0168,2025-03-01,2025,Mar 2025,Operations,IT,Training,43,13.9,74.5,Successful,Central
COLLAB0169,2025-03-01,2025,Mar 2025,Operations,IT,Escalation,8,12.4,68.7,Failed,South
COLLAB0170,2025-03-01,2025,Mar 2025,Operations,IT,Review,40,4.0,72.8,Partial,West
COLLAB0171,2025-03-01,2025,Mar 2025,Operations,IT,Support,43,5.9,55.8,Successful,North
COLLAB0172,2025-03-01,2025,Mar 2025,Operations,Sales,Project,43,11.3,68.6,Partial,West
COLLAB0173,2025-03-01,2025,Mar 2025,Operations,Sales,Project,45,2.8,61.2,Successful,West
COLLAB0174,2025-03-01,2025,Mar 2025,Operations,Sales,Escalation,40,14.9,55.2,Successful,East
COLLAB0175,2025-03-01,2025,Mar 2025,Operations,Sales,Training,5,9.2,60.5,Failed,East
COLLAB0176,2025-03-01,2025,Mar 2025,Sales,Finance,Project,44,9.7,66.7,Successful,West
COLLAB0177,2025-03-01,2025,Mar 2025,Sales,Finance,Project,10,10.3,91.0,Successful,South
COLLAB0178,2025-03-01,2025,Mar 2025,Sales,Finance,Project,5,4.2,92.6,Successful,Central
COLLAB0179,2025-03-01,2025,Mar 2025,Sales,Finance,Support,13,6.5,84.1,Partial,East
COLLAB0180,2025-03-01,2025,Mar 2025,Sales,HR,Escalation,17,14.8,73.0,Successful,West
COLLAB0181,2025-03-01,2025,Mar 2025,Sales,HR,Training,28,12.1,77.4,Successful,East
COLLAB0182,2025-03-01,2025,Mar 2025,Sales,HR,Review,39,6.5,84.4,Successful,Central
COLLAB0183,2025-03-01,2025,Mar 2025,Sales,IT,Project,16,3.8,91.9,Failed,North
COLLAB0184,2025-03-01,2025,Mar 2025,Sales,IT,Training,46,7.6,86.5,Successful,West
COLLAB0185,2025-03-01,2025,Mar 2025,Sales,IT,Training,23,11.4,86.4,Successful,East
COLLAB0186,2025-03-01,2025,Mar 2025,Sales,Operations,Escalation,24,13.7,92.2,Successful,North
COLLAB0187,2025-03-01,2025,Mar 2025,Sales,Operations,Training,40,3.9,87.0,Successful,East
COLLAB0188,2025-03-01,2025,Mar 2025,Sales,Operations,Project,49,11.1,93.2,Failed,South
COLLAB0189,2025-04-01,2025,Apr 2025,Finance,HR,Support,20,9.1,72.6,Successful,West
COLLAB0190,2025-04-01,2025,Apr 2025,Finance,HR,Project,32,7.5,63.5,Failed,South
COLLAB0191,2025-04-01,2025,Apr 2025,Finance,HR,Support,39,3.3,84.4,Successful,North
COLLAB0192,2025-04-01,2025,Apr 2025,Finance,IT,Support,37,2.4,87.4,Failed,South
COLLAB0193,2025-04-01,2025,Apr 2025,Finance,IT,Review,44,3.8,63.0,Successful,East
COLLAB0194,2025-04-01,2025,Apr 2025,Finance,Operations,Project,26,1.6,75.7,Successful,North
COLLAB0195,2025-04-01,2025,Apr 2025,Finance,Operations,Training,35,2.5,65.9,Partial,East
COLLAB0196,2025-04-01,2025,Apr 2025,Finance,Operations,Project,18,13.3,93.8,Partial,North
COLLAB0197,2025-04-01,2025,Apr 2025,Finance,Sales,Escalation,49,2.0,60.9,Failed,Central
COLLAB0198,2025-04-01,2025,Apr 2025,Finance,Sales,Support,24,12.8,81.5,Successful,North
COLLAB0199,2025-04-01,2025,Apr 2025,Finance,Sales,Review,29,4.5,61.9,Successful,North
COLLAB0200,2025-04-01,2025,Apr 2025,Finance,Sales,Training,28,5.1,71.0,Successful,West
COLLAB0201,2025-04-01,2025,Apr 2025,HR,Finance,Review,6,3.9,95.5,Partial,West
COLLAB0202,2025-04-01,2025,Apr 2025,HR,Finance,Review,10,2.4,66.4,Failed,North
COLLAB0203,2025-04-01,2025,Apr 2025,HR,Finance,Training,34,7.3,65.5,Successful,East
COLLAB0204,2025-04-01,2025,Apr 2025,HR,Finance,Training,36,13.2,69.6,Partial,East
COLLAB0205,2025-04-01,2025,Apr 2025,HR,IT,Escalation,16,3.3,95.4,Successful,North
COLLAB0206,2025-04-01,2025,Apr 2025,HR,IT,Training,19,7.9,77.8,Partial,East
COLLAB0207,2025-04-01,2025,Apr 2025,HR,IT,Support,29,2.8,60.4,Successful,North
COLLAB0208,2025-04-01,2025,Apr 2025,HR,Operations,Project,26,3.3,78.8,Failed,Central
COLLAB0209,2025-04-01,2025,Apr 2025,HR,Operations,Support,44,2.7,94.4,Successful,North
COLLAB0210,2025-04-01,2025,Apr 2025,HR,Operations,Project,19,7.5,72.2,Partial,East
COLLAB0211,2025-04-01,2025,Apr 2025,HR,Operations,Review,42,12.5,86.9,Successful,Central
COLLAB0212,2025-04-01,2025,Apr 2025,HR,Sales,Review,42,5.8,57.2,Successful,Central
COLLAB0213,2025-04-01,2025,Apr 2025,HR,Sales,Training,20,9.7,87.3,Partial,West
COLLAB0214,2025-04-01,2025,Apr 2025,HR,Sales,Escalation,14,7.1,82.5,Successful,Central
COLLAB0215,2025-04-01,2025,Apr 2025,IT,Finance,Project,17,1.9,74.7,Failed,South
COLLAB0216,2025-04-01,2025,Apr 2025,IT,Finance,Escalation,10,9.9,71.9,Successful,North
COLLAB0217,2025-04-01,2025,Apr 2025,IT,Finance,Training,23,7.5,83.4,Successful,West
COLLAB0218,2025-04-01,2025,Apr 2025,IT,Finance,Escalation,31,14.3,69.7,Successful,East
COLLAB0219,2025-04-01,2025,Apr 2025,IT,HR,Project,35,1.6,74.3,Partial,South
COLLAB0220,2025-04-01,2025,Apr 2025,IT,HR,Training,17,8.4,83.4,Partial,Central
COLLAB0221,2025-04-01,2025,Apr 2025,IT,Operations,Support,37,11.3,72.3,Failed,South
COLLAB0222,2025-04-01,2025,Apr 2025,IT,Operations,Training,30,8.1,94.0,Partial,South
COLLAB0223,2025-04-01,2025,Apr 2025,IT,Sales,Project,34,6.7,73.9,Successful,South
COLLAB0224,2025-04-01,2025,Apr 2025,IT,Sales,Project,19,10.2,83.5,Successful,West
COLLAB0225,2025-04-01,2025,Apr 2025,IT,Sales,Support,5,3.8,88.5,Successful,Central
COLLAB0226,2025-04-01,2025,Apr 2025,Operations,Finance,Escalation,16,2.8,66.8,Partial,West
COLLAB0227,2025-04-01,2025,Apr 2025,Operations,Finance,Project,17,13.7,63.7,Successful,West
COLLAB0228,2025-04-01,2025,Apr 2025,Operations,Finance,Training,29,14.3,81.2,Partial,West
COLLAB0229,2025-04-01,2025,Apr 2025,Operations,Finance,Support,7,14.7,72.2,Partial,South
COLLAB0230,2025-04-01,2025,Apr 2025,Operations,HR,Escalation,29,13.3,81.2,Successful,East
COLLAB0231,2025-04-01,2025,Apr 2025,Operations,HR,Support,24,13.0,68.9,Failed,Central
COLLAB0232,2025-04-01,2025,Apr 2025,Operations,HR,Review,24,5.7,65.5,Successful,West
COLLAB0233,2025-04-01,2025,Apr 2025,Operations,IT,Training,19,14.7,87.0,Failed,Central
COLLAB0234,2025-04-01,2025,Apr 2025,Operations,IT,Training,39,7.7,74.6,Partial,West
COLLAB0235,2025-04-01,2025,Apr 2025,Operations,IT,Support,33,4.6,80.2,Partial,South
COLLAB0236,2025-04-01,2025,Apr 2025,Operations,Sales,Review,34,13.0,62.2,Successful,Central
COLLAB0237,2025-04-01,2025,Apr 2025,Operations,Sales,Support,5,12.2,91.1,Successful,South
COLLAB0238,2025-04-01,2025,Apr 2025,Operations,Sales,Project,32,6.5,97.9,Partial,North
COLLAB0239,2025-04-01,2025,Apr 2025,Sales,Finance,Project,6,9.7,95.1,Successful,East
COLLAB0240,2025-04-01,2025,Apr 2025,Sales,Finance,Support,49,2.9,89.0,Successful,South
COLLAB0241,2025-04-01,2025,Apr 2025,Sales,HR,Review,44,2.6,90.8,Partial,East
COLLAB0242,2025-04-01,2025,Apr 2025,Sales,HR,Project,27,8.0,84.5,Successful,East
COLLAB0243,2025-04-01,2025,Apr 2025,Sales,IT,Escalation,6,8.2,59.1,Failed,Central
COLLAB0244,2025-04-01,2025,Apr 2025,Sales,IT,Escalation,37,5.5,74.8,Failed,North
COLLAB0245,2025-04-01,2025,Apr 2025,Sales,IT,Review,21,5.9,88.9,Successful,West
COLLAB0246,2025-04-01,2025,Apr 2025,Sales,IT,Escalation,42,6.8,68.8,Partial,South
COLLAB0247,2025-04-01,2025,Apr 2025,Sales,Operations,Escalation,41,13.5,61.2,Successful,East
COLLAB0248,2025-04-01,2025,Apr 2025,Sales,Operations,Training,19,8.5,57.9,Successful,North
COLLAB0249,2025-04-01,2025,Apr 2025,Sales,Operations,Review,7,7.1,88.3,Successful,North
COLLAB0250,2025-04-01,2025,Apr 2025,Sales,Operations,Project,38,3.4,61.3,Partial,Central
COLLAB0251,2025-05-01,2025,May 2025,Finance,HR,Training,29,12.5,59.0,Partial,East
COLLAB0252,2025-05-01,2025,May 2025,Finance,HR,Review,22,4.6,87.4,Partial,South
COLLAB0253,2025-05-01,2025,May 2025,Finance,IT,Review,38,6.2,64.4,Successful,West
COLLAB0254,2025-05-01,2025,May 2025,Finance,IT,Support,48,2.2,62.6,Partial,North
COLLAB0255,2025-05-01,2025,May 2025,Finance,IT,Project,12,6.6,97.6,Partial,Central
COLLAB0256,2025-05-01,2025,May 2025,Finance,Operations,Training,34,6.5,92.6,Successful,Central
COLLAB0257,2025-05-01,2025,May 2025,Finance,Operations,Training,25,4.1,83.2,Partial,North
COLLAB0258,2025-05-01,2025,May 2025,Finance,Sales,Support,5,8.7,90.6,Partial,East
COLLAB0259,2025-05-01,2025,May 2025,Finance,Sales,Support,36,1.7,80.9,Successful,South
COLLAB0260,2025-05-01,2025,May 2025,Finance,Sales,Review,17,11.6,90.5,Successful,East
COLLAB0261,2025-05-01,2025,May 2025,Finance,Sales,Support,30,4.8,77.4,Successful,North
COLLAB0262,2025-05-01,2025,May 2025,HR,Finance,Review,30,1.9,55.0,Partial,North
COLLAB0263,2025-05-01,2025,May 2025,HR,Finance,Support,39,3.4,93.3,Failed,West
COLLAB0264,2025-05-01,2025,May 2025,HR,IT,Review,42,1.8,64.3,Successful,Central
COLLAB0265,2025-05-01,2025,May 2025,HR,IT,Review,31,10.5,64.2,Successful,Central
COLLAB0266,2025-05-01,2025,May 2025,HR,Operations,Review,14,3.5,60.8,Successful,West
COLLAB0267,2025-05-01,2025,May 2025,HR,Operations,Training,20,1.8,70.4,Successful,South
COLLAB0268,2025-05-01,2025,May 2025,HR,Sales,Support,23,13.4,95.0,Partial,South
COLLAB0269,2025-05-01,2025,May 2025,HR,Sales,Escalation,9,2.6,81.6,Successful,East
COLLAB0270,2025-05-01,2025,May 2025,HR,Sales,Project,48,12.5,77.6,Partial,West
COLLAB0271,2025-05-01,2025,May 2025,IT,Finance,Training,14,5.5,95.8,Successful,East
COLLAB0272,2025-05-01,2025,May 2025,IT,Finance,Project,30,3.4,97.1,Partial,South
COLLAB0273,2025-05-01,2025,May 2025,IT,HR,Review,27,6.3,72.1,Failed,West
COLLAB0274,2025-05-01,2025,May 2025,IT,HR,Review,34,3.7,59.4,Successful,South
COLLAB0275,2025-05-01,2025,May 2025,IT,HR,Escalation,43,6.0,72.6,Successful,East
COLLAB0276,2025-05-01,2025,May 2025,IT,Operations,Training,33,14.1,71.8,Failed,West
COLLAB0277,2025-05-01,2025,May 2025,IT,Operations,Support,48,7.5,83.3,Successful,East
COLLAB0278,2025-05-01,2025,May 2025,IT,Operations,Support,29,5.8,71.3,Successful,East
COLLAB0279,2025-05-01,2025,May 2025,IT,Sales,Support,12,6.4,64.2,Partial,West
COLLAB0280,2025-05-01,2025,May 2025,IT,Sales,Review,28,12.6,94.9,Partial,South
COLLAB0281,2025-05-01,2025,May 2025,Operations,Finance,Review,49,14.2,71.9,Partial,North
COLLAB0282,2025-05-01,2025,May 2025,Operations,Finance,Project,46,1.1,56.7,Successful,Central
COLLAB0283,2025-05-01,2025,May 2025,Operations,HR,Training,30,11.4,91.6,Successful,South
COLLAB0284,2025-05-01,2025,May 2025,Operations,HR,Review,25,12.0,69.2,Successful,North
COLLAB0285,2025-05-01,2025,May 2025,Operations,HR,Training,44,8.9,66.6,Successful,West
COLLAB0286,2025-05-01,2025,May 2025,Operations,HR,Project,11,8.5,96.5,Partial,East
COLLAB0287,2025-05-01,2025,May 2025,Operations,IT,Training,43,9.3,92.8,Partial,North
COLLAB0288,2025-05-01,2025,May 2025,Operations,IT,Review,21,12.4,75.7,Successful,South
COLLAB0289,2025-05-01,2025,May 2025,Operations,Sales,Escalation,49,6.9,70.9,Partial,North
COLLAB0290,2025-05-01,2025,May 2025,Operations,Sales,Review,44,12.7,67.2,Successful,West
COLLAB0291,2025-05-01,2025,May 2025,Operations,Sales,Escalation,18,1.3,77.4,Partial,East
COLLAB0292,2025-05-01,2025,May 2025,Sales,Finance,Review,36,10.4,71.2,Successful,West
COLLAB0293,2025-05-01,2025,May 2025,Sales,Finance,Escalation,31,8.3,64.2,Successful,East
COLLAB0294,2025-05-01,2025,May 2025,Sales,Finance,Review,11,5.8,59.2,Successful,East
COLLAB0295,2025-05-01,2025,May 2025,Sales,HR,Project,23,14.6,58.5,Partial,East
COLLAB0296,2025-05-01,2025,May 2025,Sales,HR,Escalation,44,7.0,73.5,Partial,West
COLLAB0297,2025-05-01,2025,May 2025,Sales,HR,Support,6,14.9,96.2,Successful,West
COLLAB0298,2025-05-01,2025,May 2025,Sales,HR,Project,29,13.6,56.9,Partial,South
COLLAB0299,2025-05-01,2025,May 2025,Sales,IT,Training,46,1.8,90.9,Partial,North
COLLAB0300,2025-05-01,2025,May 2025,Sales,IT,Training,12,13.8,79.4,Successful,West
COLLAB0301,2025-05-01,2025,May 2025,Sales,Operations,Escalation,25,14.6,68.4,Successful,West
COLLAB0302,2025-05-01,2025,May 2025,Sales,Operations,Project,13,2.3,92.3,Successful,Central
COLLAB0303,2025-05-01,2025,May 2025,Sales,Operations,Project,36,14.7,91.2,Partial,South
COLLAB0304,2025-06-01,2025,Jun 2025,Finance,HR,Escalation,10,8.6,78.4,Partial,Central
COLLAB0305,2025-06-01,2025,Jun 2025,Finance,HR,Training,24,7.8,74.6,Failed,West
COLLAB0306,2025-06-01,2025,Jun 2025,Finance,HR,Training,22,6.5,58.9,Successful,West
COLLAB0307,2025-06-01,2025,Jun 2025,Finance,HR,Project,37,14.0,81.3,Partial,East
COLLAB0308,2025-06-01,2025,Jun 2025,Finance,IT,Project,43,14.7,64.4,Successful,South
COLLAB0309,2025-06-01,2025,Jun 2025,Finance,IT,Support,28,14.7,65.2,Failed,East
COLLAB0310,2025-06-01,2025,Jun 2025,Finance,Operations,Support,11,3.7,79.4,Successful,South
COLLAB0311,2025-06-01,2025,Jun 2025,Finance,Operations,Training,34,3.8,89.4,Successful,West
COLLAB0312,2025-06-01,2025,Jun 2025,Finance,Sales,Escalation,33,5.9,58.9,Partial,Central
COLLAB0313,2025-06-01,2025,Jun 2025,Finance,Sales,Review,15,14.2,71.3,Successful,South
COLLAB0314,2025-06-01,2025,Jun 2025,Finance,Sales,Escalation,24,5.5,83.1,Successful,North
COLLAB0315,2025-06-01,2025,Jun 2025,Finance,Sales,Project,35,4.2,86.0,Successful,Central
COLLAB0316,2025-06-01,2025,Jun 2025,HR,Finance,Escalation,47,2.5,76.4,Successful,East
COLLAB0317,2025-06-01,2025,Jun 2025,HR,Finance,Review,47,14.9,75.9,Successful,East
COLLAB0318,2025-06-01,2025,Jun 2025,HR,IT,Review,48,9.3,64.8,Successful,North
COLLAB0319,2025-06-01,2025,Jun 2025,HR,IT,Escalation,33,14.7,75.2,Successful,East
COLLAB0320,2025-06-01,2025,Jun 2025,HR,IT,Training,37,12.5,82.9,Successful,North
COLLAB0321,2025-06-01,2025,Jun 2025,HR,Operations,Escalation,25,13.0,82.1,Successful,West
COLLAB0322,2025-06-01,2025,Jun 2025,HR,Operations,Support,20,10.4,96.3,Partial,West
COLLAB0323,2025-06-01,2025,Jun 2025,HR,Operations,Support,33,8.1,86.7,Successful,Central
COLLAB0324,2025-06-01,2025,Jun 2025,HR,Operations,Review,25,11.4,60.6,Successful,South
COLLAB0325,2025-06-01,2025,Jun 2025,HR,Sales,Support,33,13.5,66.7,Partial,East
COLLAB0326,2025-06-01,2025,Jun 2025,HR,Sales,Project,41,3.8,67.5,Failed,North
COLLAB0327,2025-06-01,2025,Jun 2025,IT,Finance,Review,37,10.9,62.5,Failed,West
COLLAB0328,2025-06-01,2025,Jun 2025,IT,Finance,Escalation,21,3.1,66.8,Successful,South
COLLAB0329,2025-06-01,2025,Jun 2025,IT,HR,Support,10,10.9,58.0,Successful,East
COLLAB0330,2025-06-01,2025,Jun 2025,IT,HR,Review,31,12.4,74.3,Partial,West
COLLAB0331,2025-06-01,2025,Jun 2025,IT,Operations,Training,20,3.5,75.1,Successful,South
COLLAB0332,2025-06-01,2025,Jun 2025,IT,Operations,Support,22,11.5,68.5,Successful,North
COLLAB0333,2025-06-01,2025,Jun 2025,IT,Operations,Support,5,5.2,70.9,Successful,East
COLLAB0334,2025-06-01,2025,Jun 2025,IT,Sales,Support,7,8.0,82.6,Partial,Central
COLLAB0335,2025-06-01,2025,Jun 2025,IT,Sales,Project,44,9.6,93.3,Failed,Central
COLLAB0336,2025-06-01,2025,Jun 2025,IT,Sales,Training,21,2.1,55.7,Partial,East
COLLAB0337,2025-06-01,2025,Jun 2025,IT,Sales,Review,26,6.7,79.4,Successful,West
COLLAB0338,2025-06-01,2025,Jun 2025,Operations,Finance,Escalation,42,4.2,89.1,Successful,North
COLLAB0339,2025-06-01,2025,Jun 2025,Operations,Finance,Training,35,13.5,68.5,Failed,Central
COLLAB0340,2025-06-01,2025,Jun 2025,Operations,Finance,Project,23,9.5,95.4,Successful,East
COLLAB0341,2025-06-01,2025,Jun 2025,Operations,HR,Training,30,3.4,63.4,Successful,West
COLLAB0342,2025-06-01,2025,Jun 2025,Operations,HR,Project,39,12.7,84.3,Failed,East
COLLAB0343,2025-06-01,2025,Jun 2025,Operations,HR,Escalation,13,12.4,66.4,Successful,Central
COLLAB0344,2025-06-01,2025,Jun 2025,Operations,IT,Escalation,11,12.4,65.1,Partial,Central
COLLAB0345,2025-06-01,2025,Jun 2025,Operations,IT,Support,30,7.0,73.6,Failed,South
COLLAB0346,2025-06-01,2025,Jun 2025,Operations,IT,Escalation,16,11.8,71.3,Partial,West
COLLAB0347,2025-06-01,2025,Jun 2025,Operations,IT,Training,35,9.0,97.7,Successful,North
COLLAB0348,2025-06-01,2025,Jun 2025,Operations,Sales,Project,45,12.3,58.8,Successful,East
COLLAB0349,2025-06-01,2025,Jun 2025,Operations,Sales,Project,22,6.2,63.1,Partial,North
COLLAB0350,2025-06-01,2025,Jun 2025,Operations,Sales,Project,24,13.1,82.6,Successful,East
COLLAB0351,2025-06-01,2025,Jun 2025,Operations,Sales,Escalation,36,6.8,72.3,Failed,South
COLLAB0352,2025-06-01,2025,Jun 2025,Sales,Finance,Project,16,11.6,59.2,Partial,East
COLLAB0353,2025-06-01,2025,Jun 2025,Sales,Finance,Review,12,7.5,67.4,Successful,North
COLLAB0354,2025-06-01,2025,Jun 2025,Sales,Finance,Project,40,12.2,66.4,Failed,West
COLLAB0355,2025-06-01,2025,Jun 2025,Sales,Finance,Support,17,14.2,72.3,Successful,North
COLLAB0356,2025-06-01,2025,Jun 2025,Sales,HR,Support,33,1.5,62.0,Partial,South
COLLAB0357,2025-06-01,2025,Jun 2025,Sales,HR,Escalation,33,4.0,94.4,Partial,West
COLLAB0358,2025-06-01,2025,Jun 2025,Sales,HR,Training,8,1.7,92.3,Partial,South
COLLAB0359,2025-06-01,2025,Jun 2025,Sales,HR,Review,18,11.6,60.5,Partial,North
COLLAB0360,2025-06-01,2025,Jun 2025,Sales,IT,Project,47,7.2,92.7,Partial,North
COLLAB0361,2025-06-01,2025,Jun 2025,Sales,IT,Review,7,11.5,67.4,Partial,Central
COLLAB0362,2025-06-01,2025,Jun 2025,Sales,IT,Review,10,8.0,76.7,Successful,East
COLLAB0363,2025-06-01,2025,Jun 2025,Sales,IT,Review,42,13.8,65.6,Successful,West
COLLAB0364,2025-06-01,2025,Jun 2025,Sales,Operations,Escalation,16,3.6,89.2,Partial,East
COLLAB0365,2025-06-01,2025,Jun 2025,Sales,Operations,Review,48,13.9,97.3,Partial,South
COLLAB0366,2025-06-01,2025,Jun 2025,Sales,Operations,Support,34,14.8,59.0,Partial,East
COLLAB0367,2025-06-01,2025,Jun 2025,Sales,Operations,Review,23,5.0,88.9,Partial,West
COLLAB0368,2025-07-01,2025,Jul 2025,Finance,HR,Escalation,49,5.2,88.1,Failed,South
COLLAB0369,2025-07-01,2025,Jul 2025,Finance,HR,Support,18,12.6,56.1,Partial,West
COLLAB0370,2025-07-01,2025,Jul 2025,Finance,HR,Review,14,8.9,76.3,Partial,East
COLLAB0371,2025-07-01,2025,Jul 2025,Finance,IT,Review,20,1.4,72.0,Partial,East
COLLAB0372,2025-07-01,2025,Jul 2025,Finance,IT,Training,21,4.6,92.3,Successful,West
COLLAB0373,2025-07-01,2025,Jul 2025,Finance,Operations,Escalation,18,8.4,88.5,Failed,South
COLLAB0374,2025-07-01,2025,Jul 2025,Finance,Operations,Escalation,16,1.4,96.2,Successful,East
COLLAB0375,2025-07-01,2025,Jul 2025,Finance,Sales,Project,33,8.4,75.5,Partial,North
COLLAB0376,2025-07-01,2025,Jul 2025,Finance,Sales,Review,18,13.4,89.9,Partial,South
COLLAB0377,2025-07-01,2025,Jul 2025,Finance,Sales,Project,20,3.0,96.8,Successful,North
COLLAB0378,2025-07-01,2025,Jul 2025,Finance,Sales,Training,42,3.4,64.1,Failed,South
COLLAB0379,2025-07-01,2025,Jul 2025,HR,Finance,Project,22,14.9,58.2,Successful,North
COLLAB0380,2025-07-01,2025,Jul 2025,HR,Finance,Project,10,9.1,88.3,Partial,North
COLLAB0381,2025-07-01,2025,Jul 2025,HR,IT,Review,44,8.3,85.6,Partial,East
COLLAB0382,2025-07-01,2025,Jul 2025,HR,IT,Review,12,3.4,89.3,Successful,East
COLLAB0383,2025-07-01,2025,Jul 2025,HR,IT,Escalation,16,4.4,91.2,Successful,West
COLLAB0384,2025-07-01,2025,Jul 2025,HR,Operations,Training,35,2.1,87.9,Partial,South
COLLAB0385,2025-07-01,2025,Jul 2025,HR,Operations,Support,25,13.7,67.7,Successful,West
COLLAB0386,2025-07-01,2025,Jul 2025,HR,Sales,Review,20,9.7,81.2,Successful,East
COLLAB0387,2025-07-01,2025,Jul 2025,HR,Sales,Project,33,10.7,84.0,Successful,East
COLLAB0388,2025-07-01,2025,Jul 2025,HR,Sales,Escalation,38,6.7,58.7,Successful,East
COLLAB0389,2025-07-01,2025,Jul 2025,HR,Sales,Training,15,11.4,65.2,Successful,Central
COLLAB0390,2025-07-01,2025,Jul 2025,IT,Finance,Review,29,7.6,76.5,Partial,North
COLLAB0391,2025-07-01,2025,Jul 2025,IT,Finance,Escalation,46,8.4,80.9,Failed,East
COLLAB0392,2025-07-01,2025,Jul 2025,IT,Finance,Training,38,8.2,75.7,Successful,East
COLLAB0393,2025-07-01,2025,Jul 2025,IT,Finance,Training,30,14.5,74.4,Successful,East
COLLAB0394,2025-07-01,2025,Jul 2025,IT,HR,Project,11,1.0,73.6,Successful,North
COLLAB0395,2025-07-01,2025,Jul 2025,IT,HR,Support,39,1.5,79.5,Partial,Central
COLLAB0396,2025-07-01,2025,Jul 2025,IT,HR,Project,48,9.8,69.0,Failed,North
COLLAB0397,2025-07-01,2025,Jul 2025,IT,Operations,Escalation,18,4.2,93.9,Successful,West
COLLAB0398,2025-07-01,2025,Jul 2025,IT,Operations,Training,27,12.9,97.9,Partial,Central
COLLAB0399,2025-07-01,2025,Jul 2025,IT,Operations,Support,20,4.7,80.0,Successful,South
COLLAB0400,2025-07-01,2025,Jul 2025,IT,Sales,Training,9,9.9,92.0,Failed,East
COLLAB0401,2025-07-01,2025,Jul 2025,IT,Sales,Review,46,8.4,90.8,Successful,South
COLLAB0402,2025-07-01,2025,Jul 2025,IT,Sales,Support,15,14.8,94.0,Successful,Central
COLLAB0403,2025-07-01,2025,Jul 2025,IT,Sales,Review,40,5.5,78.5,Successful,North
COLLAB0404,2025-07-01,2025,Jul 2025,Operations,Finance,Project,27,6.7,87.2,Partial,Central
COLLAB0405,2025-07-01,2025,Jul 2025,Operations,Finance,Support,28,3.6,91.6,Successful,North
COLLAB0406,2025-07-01,2025,Jul 2025,Operations,Finance,Training,25,11.6,78.8,Successful,North
COLLAB0407,2025-07-01,2025,Jul 2025,Operations,HR,Training,19,10.2,66.8,Successful,West
COLLAB0408,2025-07-01,2025,Jul 2025,Operations,HR,Project,46,1.3,91.5,Successful,East
COLLAB0409,2025-07-01,2025,Jul 2025,Operations,IT,Project,15,7.2,58.1,Partial,East
COLLAB0410,2025-07-01,2025,Jul 2025,Operations,IT,Review,41,1.2,62.7,Failed,East
COLLAB0411,2025-07-01,2025,Jul 2025,Operations,Sales,Support,29,3.8,83.4,Successful,North
COLLAB0412,2025-07-01,2025,Jul 2025,Operations,Sales,Escalation,48,7.9,67.9,Successful,Central
COLLAB0413,2025-07-01,2025,Jul 2025,Operations,Sales,Training,26,4.1,57.0,Successful,North
COLLAB0414,2025-07-01,2025,Jul 2025,Operations,Sales,Support,21,7.1,82.7,Partial,North
COLLAB0415,2025-07-01,2025,Jul 2025,Sales,Finance,Escalation,28,11.0,59.4,Partial,Central
COLLAB0416,2025-07-01,2025,Jul 2025,Sales,Finance,Training,26,4.4,56.8,Partial,Central
COLLAB0417,2025-07-01,2025,Jul 2025,Sales,HR,Review,25,3.5,90.4,Successful,East
COLLAB0418,2025-07-01,2025,Jul 2025,Sales,HR,Training,32,1.3,94.8,Successful,Central
COLLAB0419,2025-07-01,2025,Jul 2025,Sales,IT,Training,44,14.6,94.0,Successful,West
COLLAB0420,2025-07-01,2025,Jul 2025,Sales,IT,Support,48,2.1,91.5,Successful,North
COLLAB0421,2025-07-01,2025,Jul 2025,Sales,IT,Escalation,26,9.0,61.6,Partial,East
COLLAB0422,2025-07-01,2025,Jul 2025,Sales,Operations,Escalation,36,12.9,75.3,Successful,West
COLLAB0423,2025-07-01,2025,Jul 2025,Sales,Operations,Escalation,27,14.6,86.5,Successful,North
COLLAB0424,2025-07-01,2025,Jul 2025,Sales,Operations,Support,21,7.5,95.5,Successful,South
COLLAB0425,2025-08-01,2025,Aug 2025,Finance,HR,Escalation,47,6.3,91.6,Successful,Central
COLLAB0426,2025-08-01,2025,Aug 2025,Finance,HR,Escalation,15,14.0,66.1,Partial,North
COLLAB0427,2025-08-01,2025,Aug 2025,Finance,HR,Escalation,29,2.2,84.0,Failed,North
COLLAB0428,2025-08-01,2025,Aug 2025,Finance,IT,Support,23,11.6,67.3,Successful,East
COLLAB0429,2025-08-01,2025,Aug 2025,Finance,IT,Review,20,8.3,91.2,Partial,North
COLLAB0430,2025-08-01,2025,Aug 2025,Finance,IT,Review,16,2.6,93.1,Failed,West
COLLAB0431,2025-08-01,2025,Aug 2025,Finance,IT,Escalation,27,3.1,84.6,Successful,North
COLLAB0432,2025-08-01,2025,Aug 2025,Finance,Operations,Review,17,7.2,72.8,Successful,East
COLLAB0433,2025-08-01,2025,Aug 2025,Finance,Operations,Review,24,9.6,71.1,Successful,North
COLLAB0434,2025-08-01,2025,Aug 2025,Finance,Sales,Escalation,23,4.5,74.6,Successful,North
COLLAB0435,2025-08-01,2025,Aug 2025,Finance,Sales,Support,22,6.3,77.8,Partial,South
COLLAB0436,2025-08-01,2025,Aug 2025,HR,Finance,Project,5,5.8,73.1,Successful,West
COLLAB0437,2025-08-01,2025,Aug 2025,HR,Finance,Project,42,1.3,80.9,Partial,Central
COLLAB0438,2025-08-01,2025,Aug 2025,HR,Finance,Support,39,12.0,82.2,Successful,South
COLLAB0439,2025-08-01,2025,Aug 2025,HR,IT,Training,49,7.2,78.5,Successful,East
COLLAB0440,2025-08-01,2025,Aug 2025,HR,IT,Project,9,1.2,74.5,Successful,Central
COLLAB0441,2025-08-01,2025,Aug 2025,HR,IT,Project,42,7.7,97.1,Successful,South
COLLAB0442,2025-08-01,2025,Aug 2025,HR,IT,Review,14,14.2,66.4,Successful,North
COLLAB0443,2025-08-01,2025,Aug 2025,HR,Operations,Review,29,14.0,76.6,Successful,East
COLLAB0444,2025-08-01,2025,Aug 2025,HR,Operations,Training,48,8.1,92.0,Successful,North
COLLAB0445,2025-08-01,2025,Aug 2025,HR,Operations,Review,23,6.5,77.8,Successful,Central
COLLAB0446,2025-08-01,2025,Aug 2025,HR,Operations,Training,48,5.2,56.3,Successful,East
COLLAB0447,2025-08-01,2025,Aug 2025,HR,Sales,Review,14,3.5,84.0,Partial,South
COLLAB0448,2025-08-01,2025,Aug 2025,HR,Sales,Support,23,11.0,75.1,Successful,South
COLLAB0449,2025-08-01,2025,Aug 2025,HR,Sales,Escalation,21,9.0,64.2,Partial,North
COLLAB0450,2025-08-01,2025,Aug 2025,IT,Finance,Review,20,7.9,60.3,Successful,Central
COLLAB0451,2025-08-01,2025,Aug 2025,IT,Finance,Support,20,12.3,95.3,Partial,North
COLLAB0452,2025-08-01,2025,Aug 2025,IT,Finance,Support,32,11.0,97.7,Partial,East
COLLAB0453,2025-08-01,2025,Aug 2025,IT,Finance,Support,10,8.5,62.7,Successful,East
COLLAB0454,2025-08-01,2025,Aug 2025,IT,HR,Escalation,8,4.7,56.7,Successful,Central
COLLAB0455,2025-08-01,2025,Aug 2025,IT,HR,Training,9,4.8,56.4,Successful,South
COLLAB0456,2025-08-01,2025,Aug 2025,IT,HR,Support,46,6.4,69.6,Successful,South
COLLAB0457,2025-08-01,2025,Aug 2025,IT,Operations,Support,32,3.8,87.5,Successful,North
COLLAB0458,2025-08-01,2025,Aug 2025,IT,Operations,Review,49,8.1,77.9,Failed,Central
COLLAB0459,2025-08-01,2025,Aug 2025,IT,Operations,Support,8,12.8,93.5,Partial,West
COLLAB0460,2025-08-01,2025,Aug 2025,IT,Sales,Review,37,5.3,95.0,Partial,Central
COLLAB0461,2025-08-01,2025,Aug 2025,IT,Sales,Review,9,11.8,59.0,Failed,South
COLLAB0462,2025-08-01,2025,Aug 2025,Operations,Finance,Project,6,12.2,80.9,Partial,East
COLLAB0463,2025-08-01,2025,Aug 2025,Operations,Finance,Training,38,6.8,56.8,Successful,South
COLLAB0464,2025-08-01,2025,Aug 2025,Operations,Finance,Escalation,25,6.5,73.3,Successful,North
COLLAB0465,2025-08-01,2025,Aug 2025,Operations,HR,Project,17,7.0,69.1,Failed,West
COLLAB0466,2025-08-01,2025,Aug 2025,Operations,HR,Review,26,8.0,61.5,Successful,South
COLLAB0467,2025-08-01,2025,Aug 2025,Operations,HR,Escalation,20,6.8,90.4,Successful,Central
COLLAB0468,2025-08-01,2025,Aug 2025,Operations,HR,Support,5,14.5,91.0,Failed,West
COLLAB0469,2025-08-01,2025,Aug 2025,Operations,IT,Project,30,12.5,80.1,Successful,North
COLLAB0470,2025-08-01,2025,Aug 2025,Operations,IT,Support,16,2.6,79.2,Failed,South
COLLAB0471,2025-08-01,2025,Aug 2025,Operations,Sales,Support,7,12.4,57.9,Successful,East
COLLAB0472,2025-08-01,2025,Aug 2025,Operations,Sales,Review,8,2.7,95.3,Successful,West
COLLAB0473,2025-08-01,2025,Aug 2025,Operations,Sales,Support,45,5.5,80.3,Successful,South
COLLAB0474,2025-08-01,2025,Aug 2025,Operations,Sales,Escalation,26,2.5,98.0,Successful,North
COLLAB0475,2025-08-01,2025,Aug 2025,Sales,Finance,Review,16,13.9,58.8,Partial,East
COLLAB0476,2025-08-01,2025,Aug 2025,Sales,Finance,Training,10,14.3,68.5,Failed,South
COLLAB0477,2025-08-01,2025,Aug 2025,Sales,Finance,Support,38,3.7,93.6,Successful,East
COLLAB0478,2025-08-01,2025,Aug 2025,Sales,Finance,Training,16,1.9,56.7,Partial,North
COLLAB0479,2025-08-01,2025,Aug 2025,Sales,HR,Project,20,2.3,95.8,Partial,Central
COLLAB0480,2025-08-01,2025,Aug 2025,Sales,HR,Escalation,26,5.5,70.8,Partial,North
COLLAB0481,2025-08-01,2025,Aug 2025,Sales,HR,Training,29,1.8,70.9,Successful,East
COLLAB0482,2025-08-01,2025,Aug 2025,Sales,IT,Escalation,22,4.7,82.0,Successful,South
COLLAB0483,2025-08-01,2025,Aug 2025,Sales,IT,Support,36,11.8,71.3,Successful,East
COLLAB0484,2025-08-01,2025,Aug 2025,Sales,Operations,Review,18,13.7,89.1,Failed,East
COLLAB0485,2025-08-01,2025,Aug 2025,Sales,Operations,Support,7,10.8,97.4,Successful,Central
COLLAB0486,2025-09-01,2025,Sep 2025,Finance,HR,Project,9,2.8,87.3,Successful,North
COLLAB0487,2025-09-01,2025,Sep 2025,Finance,HR,Review,42,9.8,81.3,Partial,Central
COLLAB0488,2025-09-01,2025,Sep 2025,Finance,HR,Review,38,13.2,56.6,Partial,North
COLLAB0489,2025-09-01,2025,Sep 2025,Finance,IT,Escalation,14,10.1,73.1,Partial,North
COLLAB0490,2025-09-01,2025,Sep 2025,Finance,IT,Project,36,3.9,59.0,Successful,West
COLLAB0491,2025-09-01,2025,Sep 2025,Finance,IT,Review,44,3.8,67.6,Partial,North
COLLAB0492,2025-09-01,2025,Sep 2025,Finance,Operations,Project,36,5.3,67.9,Partial,West
COLLAB0493,2025-09-01,2025,Sep 2025,Finance,Operations,Project,32,1.1,86.4,Partial,North
COLLAB0494,2025-09-01,2025,Sep 2025,Finance,Operations,Training,47,7.6,75.9,Partial,Central
COLLAB0495,2025-09-01,2025,Sep 2025,Finance,Operations,Review,40,7.0,80.7,Successful,East
COLLAB0496,2025-09-01,2025,Sep 2025,Finance,Sales,Training,42,6.4,62.8,Failed,North
COLLAB0497,2025-09-01,2025,Sep 2025,Finance,Sales,Escalation,20,3.4,87.9,Successful,Central
COLLAB0498,2025-09-01,2025,Sep 2025,Finance,Sales,Review,42,1.9,72.3,Failed,North
COLLAB0499,2025-09-01,2025,Sep 2025,HR,Finance,Project,22,3.9,63.5,Successful,Central
COLLAB0500,2025-09-01,2025,Sep 2025,HR,Finance,Project,30,9.1,71.2,Successful,South
COLLAB0501,2025-09-01,2025,Sep 2025,HR,Finance,Training,38,10.7,92.3,Successful,East
COLLAB0502,2025-09-01,2025,Sep 2025,HR,Finance,Training,21,2.0,62.3,Successful,West
COLLAB0503,2025-09-01,2025,Sep 2025,HR,IT,Review,37,11.1,57.9,Successful,Central
COLLAB0504,2025-09-01,2025,Sep 2025,HR,IT,Training,8,1.3,57.4,Partial,North
COLLAB0505,2025-09-01,2025,Sep 2025,HR,Operations,Training,26,7.0,89.2,Successful,East
COLLAB0506,2025-09-01,2025,Sep 2025,HR,Operations,Training,27,14.8,61.5,Successful,East
COLLAB0507,2025-09-01,2025,Sep 2025,HR,Operations,Training,18,13.4,83.6,Successful,East
COLLAB0508,2025-09-01,2025,Sep 2025,HR,Sales,Escalation,42,6.1,77.4,Successful,East
COLLAB0509,2025-09-01,2025,Sep 2025,HR,Sales,Support,25,5.3,65.8,Successful,Central
COLLAB0510,2025-09-01,2025,Sep 2025,HR,Sales,Support,41,9.4,60.8,Successful,Central
COLLAB0511,2025-09-01,2025,Sep 2025,HR,Sales,Review,36,4.3,61.5,Partial,East
COLLAB0512,2025-09-01,2025,Sep 2025,IT,Finance,Project,7,14.8,56.9,Partial,South
COLLAB0513,2025-09-01,2025,Sep 2025,IT,Finance,Escalation,43,11.6,70.4,Successful,East
COLLAB0514,2025-09-01,2025,Sep 2025,IT,HR,Project,13,4.6,63.1,Successful,Central
COLLAB0515,2025-09-01,2025,Sep 2025,IT,HR,Review,10,9.4,89.1,Successful,West
COLLAB0516,2025-09-01,2025,Sep 2025,IT,HR,Escalation,22,4.5,78.9,Failed,Central
COLLAB0517,2025-09-01,2025,Sep 2025,IT,Operations,Support,29,10.5,96.9,Successful,Central
COLLAB0518,2025-09-01,2025,Sep 2025,IT,Operations,Review,23,7.8,59.6,Successful,South
COLLAB0519,2025-09-01,2025,Sep 2025,IT,Operations,Support,11,14.0,60.3,Successful,North
COLLAB0520,2025-09-01,2025,Sep 2025,IT,Operations,Project,13,2.4,93.7,Partial,Central
COLLAB0521,2025-09-01,2025,Sep 2025,IT,Sales,Project,8,9.8,87.6,Partial,North
COLLAB0522,2025-09-01,2025,Sep 2025,IT,Sales,Training,44,5.5,85.0,Partial,East
COLLAB0523,2025-09-01,2025,Sep 2025,IT,Sales,Project,48,10.3,73.8,Successful,West
COLLAB0524,2025-09-01,2025,Sep 2025,IT,Sales,Escalation,27,3.8,78.2,Failed,North
COLLAB0525,2025-09-01,2025,Sep 2025,Operations,Finance,Review,7,6.7,80.1,Successful,North
COLLAB0526,2025-09-01,2025,Sep 2025,Operations,Finance,Escalation,31,11.1,82.6,Partial,South
COLLAB0527,2025-09-01,2025,Sep 2025,Operations,Finance,Escalation,47,9.5,59.4,Partial,East
COLLAB0528,2025-09-01,2025,Sep 2025,Operations,HR,Support,48,10.5,58.9,Successful,Central
COLLAB0529,2025-09-01,2025,Sep 2025,Operations,HR,Support,31,11.3,90.6,Successful,South
COLLAB0530,2025-09-01,2025,Sep 2025,Operations,IT,Training,31,7.2,92.2,Successful,North
COLLAB0531,2025-09-01,2025,Sep 2025,Operations,IT,Escalation,16,1.7,61.1,Successful,South
COLLAB0532,2025-09-01,2025,Sep 2025,Operations,IT,Support,13,14.2,76.7,Successful,Central
COLLAB0533,2025-09-01,2025,Sep 2025,Operations,Sales,Training,9,12.4,71.5,Successful,Central
COLLAB0534,2025-09-01,2025,Sep 2025,Operations,Sales,Escalation,30,9.5,96.2,Partial,North
COLLAB0535,2025-09-01,2025,Sep 2025,Sales,Finance,Review,48,13.4,77.5,Successful,Central
COLLAB0536,2025-09-01,2025,Sep 2025,Sales,Finance,Training,29,12.5,76.4,Successful,North
COLLAB0537,2025-09-01,2025,Sep 2025,Sales,HR,Escalation,35,12.6,66.9,Failed,Central
COLLAB0538,2025-09-01,2025,Sep 2025,Sales,HR,Project,34,8.5,82.6,Failed,Central
COLLAB0539,2025-09-01,2025,Sep 2025,Sales,IT,Review,44,2.4,65.0,Successful,North
COLLAB0540,2025-09-01,2025,Sep 2025,Sales,IT,Support,42,4.2,78.6,Successful,Central
COLLAB0541,2025-09-01,2025,Sep 2025,Sales,IT,Support,22,6.2,81.9,Successful,East
COLLAB0542,2025-09-01,2025,Sep 2025,Sales,IT,Support,46,13.8,93.8,Successful,Central
COLLAB0543,2025-09-01,2025,Sep 2025,Sales,Operations,Support,33,9.9,84.7,Partial,East
COLLAB0544,2025-09-01,2025,Sep 2025,Sales,Operations,Project,45,11.9,71.2,Failed,East
COLLAB0545,2025-09-01,2025,Sep 2025,Sales,Operations,Support,5,8.1,73.8,Successful,East
COLLAB0546,2025-09-01,2025,Sep 2025,Sales,Operations,Support,11,6.3,96.7,Successful,East
COLLAB0547,2025-10-01,2025,Oct 2025,Finance,HR,Project,47,8.6,76.5,Successful,South
COLLAB0548,2025-10-01,2025,Oct 2025,Finance,HR,Project,33,5.0,84.8,Failed,Central
COLLAB0549,2025-10-01,2025,Oct 2025,Finance,HR,Project,16,1.4,81.6,Successful,East
COLLAB0550,2025-10-01,2025,Oct 2025,Finance,IT,Escalation,16,9.5,72.0,Partial,East
COLLAB0551,2025-10-01,2025,Oct 2025,Finance,IT,Review,6,10.2,97.8,Successful,South
COLLAB0552,2025-10-01,2025,Oct 2025,Finance,IT,Project,33,12.6,78.4,Successful,West
COLLAB0553,2025-10-01,2025,Oct 2025,Finance,Operations,Escalation,41,2.7,94.8,Partial,Central
COLLAB0554,2025-10-01,2025,Oct 2025,Finance,Operations,Support,6,2.1,63.4,Partial,South
COLLAB0555,2025-10-01,2025,Oct 2025,Finance,Sales,Escalation,25,3.3,74.4,Successful,North
COLLAB0556,2025-10-01,2025,Oct 2025,Finance,Sales,Review,33,10.1,60.3,Partial,Central
COLLAB0557,2025-10-01,2025,Oct 2025,HR,Finance,Support,27,6.7,95.5,Failed,North
COLLAB0558,2025-10-01,2025,Oct 2025,HR,Finance,Review,47,10.3,74.6,Successful,West
COLLAB0559,2025-10-01,2025,Oct 2025,HR,Finance,Escalation,9,9.6,65.0,Successful,North
COLLAB0560,2025-10-01,2025,Oct 2025,HR,Finance,Escalation,34,13.4,90.2,Successful,East
COLLAB0561,2025-10-01,2025,Oct 2025,HR,IT,Support,39,7.9,63.5,Successful,South
COLLAB0562,2025-10-01,2025,Oct 2025,HR,IT,Training,46,13.3,96.3,Partial,Central
COLLAB0563,2025-10-01,2025,Oct 2025,HR,IT,Support,15,9.0,73.2,Failed,West
COLLAB0564,2025-10-01,2025,Oct 2025,HR,Operations,Support,20,4.4,58.5,Successful,East
COLLAB0565,2025-10-01,2025,Oct 2025,HR,Operations,Review,29,8.3,73.4,Failed,West
COLLAB0566,2025-10-01,2025,Oct 2025,HR,Operations,Support,25,12.5,63.5,Successful,West
COLLAB0567,2025-10-01,2025,Oct 2025,HR,Sales,Training,39,13.1,67.5,Successful,Central
COLLAB0568,2025-10-01,2025,Oct 2025,HR,Sales,Training,46,10.3,91.4,Partial,West
COLLAB0569,2025-10-01,2025,Oct 2025,HR,Sales,Project,49,12.4,87.0,Successful,North
COLLAB0570,2025-10-01,2025,Oct 2025,HR,Sales,Review,14,8.9,59.6,Failed,South
COLLAB0571,2025-10-01,2025,Oct 2025,IT,Finance,Support,36,6.5,65.6,Partial,South
COLLAB0572,2025-10-01,2025,Oct 2025,IT,Finance,Project,27,13.5,58.0,Partial,West
COLLAB0573,2025-10-01,2025,Oct 2025,IT,Finance,Review,18,7.3,72.1,Successful,West
COLLAB0574,2025-10-01,2025,Oct 2025,IT,Finance,Review,26,8.0,75.3,Successful,West
COLLAB0575,2025-10-01,2025,Oct 2025,IT,HR,Escalation,38,12.2,91.7,Successful,South
COLLAB0576,2025-10-01,2025,Oct 2025,IT,HR,Project,34,11.3,65.3,Successful,South
COLLAB0577,2025-10-01,2025,Oct 2025,IT,HR,Escalation,35,8.2,95.8,Successful,South
COLLAB0578,2025-10-01,2025,Oct 2025,IT,HR,Support,15,13.2,62.1,Partial,Central
COLLAB0579,2025-10-01,2025,Oct 2025,IT,Operations,Training,47,13.2,84.6,Successful,South
COLLAB0580,2025-10-01,2025,Oct 2025,IT,Operations,Escalation,28,12.4,85.5,Successful,North
COLLAB0581,2025-10-01,2025,Oct 2025,IT,Operations,Review,18,3.4,82.6,Failed,South
COLLAB0582,2025-10-01,2025,Oct 2025,IT,Operations,Training,48,4.5,61.0,Successful,North
COLLAB0583,2025-10-01,2025,Oct 2025,IT,Sales,Training,15,14.9,55.5,Successful,East
COLLAB0584,2025-10-01,2025,Oct 2025,IT,Sales,Review,46,6.0,72.6,Successful,Central
COLLAB0585,2025-10-01,2025,Oct 2025,IT,Sales,Review,12,12.0,60.9,Partial,North
COLLAB0586,2025-10-01,2025,Oct 2025,IT,Sales,Support,45,5.2,78.9,Failed,North
COLLAB0587,2025-10-01,2025,Oct 2025,Operations,Finance,Support,31,3.5,77.8,Successful,East
COLLAB0588,2025-10-01,2025,Oct 2025,Operations,Finance,Support,36,2.3,91.3,Successful,East
COLLAB0589,2025-10-01,2025,Oct 2025,Operations,HR,Support,39,12.0,63.9,Successful,West
COLLAB0590,2025-10-01,2025,Oct 2025,Operations,HR,Project,49,4.2,86.1,Successful,North
COLLAB0591,2025-10-01,2025,Oct 2025,Operations,IT,Training,30,12.2,92.4,Successful,Central
COLLAB0592,2025-10-01,2025,Oct 2025,Operations,IT,Review,36,8.4,83.1,Partial,West
COLLAB0593,2025-10-01,2025,Oct 2025,Operations,IT,Training,31,2.0,95.6,Successful,South
COLLAB0594,2025-10-01,2025,Oct 2025,Operations,Sales,Review,7,14.9,62.0,Partial,Central
COLLAB0595,2025-10-01,2025,Oct 2025,Operations,Sales,Support,40,1.7,87.4,Failed,West
COLLAB0596,2025-10-01,2025,Oct 2025,Operations,Sales,Support,29,4.6,60.8,Partial,East
COLLAB0597,2025-10-01,2025,Oct 2025,Sales,Finance,Project,9,5.9,64.3,Successful,West
COLLAB0598,2025-10-01,2025,Oct 2025,Sales,Finance,Escalation,36,8.5,95.2,Partial,East
COLLAB0599,2025-10-01,2025,Oct 2025,Sales,Finance,Support,36,11.4,97.5,Partial,North
COLLAB0600,2025-10-01,2025,Oct 2025,Sales,HR,Training,28,5.9,84.2,Successful,West
COLLAB0601,2025-10-01,2025,Oct 2025,Sales,HR,Escalation,39,7.9,57.6,Failed,East
COLLAB0602,2025-10-01,2025,Oct 2025,Sales,HR,Review,17,5.6,86.4,Successful,South
COLLAB0603,2025-10-01,2025,Oct 2025,Sales,HR,Escalation,13,1.6,92.5,Successful,South
COLLAB0604,2025-10-01,2025,Oct 2025,Sales,IT,Review,6,8.8,67.1,Successful,West
COLLAB0605,2025-10-01,2025,Oct 2025,Sales,IT,Review,9,5.0,84.2,Successful,Central
COLLAB0606,2025-10-01,2025,Oct 2025,Sales,IT,Escalation,7,14.7,86.8,Failed,North
COLLAB0607,2025-10-01,2025,Oct 2025,Sales,IT,Review,42,11.3,64.5,Successful,Central
COLLAB0608,2025-10-01,2025,Oct 2025,Sales,Operations,Review,14,10.6,82.7,Successful,Central
COLLAB0609,2025-10-01,2025,Oct 2025,Sales,Operations,Training,34,6.2,57.0,Successful,North
COLLAB0610,2025-10-01,2025,Oct 2025,Sales,Operations,Escalation,29,4.4,64.0,Successful,East
COLLAB0611,2025-10-01,2025,Oct 2025,Sales,Operations,Support,31,1.9,88.0,Successful,West
COLLAB0612,2025-11-01,2025,Nov 2025,Finance,HR,Escalation,22,12.4,68.8,Successful,East
COLLAB0613,2025-11-01,2025,Nov 2025,Finance,HR,Escalation,25,7.0,87.2,Failed,West
COLLAB0614,2025-11-01,2025,Nov 2025,Finance,HR,Project,25,8.4,68.7,Successful,East
COLLAB0615,2025-11-01,2025,Nov 2025,Finance,IT,Review,23,6.7,78.9,Successful,South
COLLAB0616,2025-11-01,2025,Nov 2025,Finance,IT,Training,38,7.4,55.9,Successful,West
COLLAB0617,2025-11-01,2025,Nov 2025,Finance,Operations,Support,44,4.8,72.3,Successful,South
COLLAB0618,2025-11-01,2025,Nov 2025,Finance,Operations,Support,28,3.3,59.0,Successful,South
COLLAB0619,2025-11-01,2025,Nov 2025,Finance,Operations,Review,26,4.1,56.0,Successful,East
COLLAB0620,2025-11-01,2025,Nov 2025,Finance,Sales,Training,36,3.1,97.2,Successful,North
COLLAB0621,2025-11-01,2025,Nov 2025,Finance,Sales,Review,32,14.8,58.8,Partial,South
COLLAB0622,2025-11-01,2025,Nov 2025,Finance,Sales,Training,44,6.9,71.5,Successful,West
COLLAB0623,2025-11-01,2025,Nov 2025,HR,Finance,Training,24,6.3,82.9,Successful,Central
COLLAB0624,2025-11-01,2025,Nov 2025,HR,Finance,Support,48,13.9,79.4,Successful,West
COLLAB0625,2025-11-01,2025,Nov 2025,HR,Finance,Escalation,28,10.4,74.6,Successful,East
COLLAB0626,2025-11-01,2025,Nov 2025,HR,IT,Project,16,1.5,85.5,Successful,Central
COLLAB0627,2025-11-01,2025,Nov 2025,HR,IT,Escalation,49,3.3,84.0,Successful,West
COLLAB0628,2025-11-01,2025,Nov 2025,HR,Operations,Project,31,9.2,70.7,Partial,South
COLLAB0629,2025-11-01,2025,Nov 2025,HR,Operations,Escalation,30,8.9,92.9,Successful,South
COLLAB0630,2025-11-01,2025,Nov 2025,HR,Sales,Escalation,38,2.2,65.5,Successful,South
COLLAB0631,2025-11-01,2025,Nov 2025,HR,Sales,Escalation,5,4.1,90.0,Failed,Central
COLLAB0632,2025-11-01,2025,Nov 2025,HR,Sales,Project,38,5.5,89.3,Successful,East
COLLAB0633,2025-11-01,2025,Nov 2025,HR,Sales,Project,48,3.2,88.4,Partial,North
COLLAB0634,2025-11-01,2025,Nov 2025,IT,Finance,Review,46,5.7,61.8,Successful,East
COLLAB0635,2025-11-01,2025,Nov 2025,IT,Finance,Project,35,12.2,96.7,Successful,Central
COLLAB0636,2025-11-01,2025,Nov 2025,IT,HR,Project,10,8.6,68.8,Successful,South
COLLAB0637,2025-11-01,2025,Nov 2025,IT,HR,Training,17,3.6,75.2,Successful,North
COLLAB0638,2025-11-01,2025,Nov 2025,IT,HR,Escalation,16,8.1,90.2,Successful,Central
COLLAB0639,2025-11-01,2025,Nov 2025,IT,HR,Project,34,11.0,92.6,Partial,North
COLLAB0640,2025-11-01,2025,Nov 2025,IT,Operations,Training,17,9.5,57.9,Successful,West
COLLAB0641,2025-11-01,2025,Nov 2025,IT,Operations,Support,48,3.2,81.2,Successful,East
COLLAB0642,2025-11-01,2025,Nov 2025,IT,Operations,Escalation,40,5.3,78.6,Partial,Central
COLLAB0643,2025-11-01,2025,Nov 2025,IT,Sales,Project,26,3.9,97.1,Partial,West
COLLAB0644,2025-11-01,2025,Nov 2025,IT,Sales,Project,33,4.4,87.1,Partial,East
COLLAB0645,2025-11-01,2025,Nov 2025,IT,Sales,Project,8,9.3,59.8,Partial,South
COLLAB0646,2025-11-01,2025,Nov 2025,Operations,Finance,Escalation,38,13.5,87.8,Successful,East
COLLAB0647,2025-11-01,2025,Nov 2025,Operations,Finance,Escalation,44,14.3,58.9,Successful,West
COLLAB0648,2025-11-01,2025,Nov 2025,Operations,HR,Support,22,11.4,75.4,Successful,South
COLLAB0649,2025-11-01,2025,Nov 2025,Operations,HR,Project,30,3.0,66.5,Successful,Central
COLLAB0650,2025-11-01,2025,Nov 2025,Operations,HR,Training,33,12.1,57.8,Partial,South
COLLAB0651,2025-11-01,2025,Nov 2025,Operations,IT,Support,11,10.9,81.6,Successful,Central
COLLAB0652,2025-11-01,2025,Nov 2025,Operations,IT,Training,5,9.9,71.3,Successful,South
COLLAB0653,2025-11-01,2025,Nov 2025,Operations,IT,Training,25,11.5,96.9,Partial,East
COLLAB0654,2025-11-01,2025,Nov 2025,Operations,Sales,Review,35,4.5,93.1,Partial,Central
COLLAB0655,2025-11-01,2025,Nov 2025,Operations,Sales,Review,9,12.0,81.4,Partial,Central
COLLAB0656,2025-11-01,2025,Nov 2025,Sales,Finance,Review,32,4.0,66.6,Successful,South
COLLAB0657,2025-11-01,2025,Nov 2025,Sales,Finance,Review,11,13.4,71.1,Successful,South
COLLAB0658,2025-11-01,2025,Nov 2025,Sales,Finance,Project,25,3.5,86.5,Successful,North
COLLAB0659,2025-11-01,2025,Nov 2025,Sales,HR,Support,5,12.4,86.1,Failed,North
COLLAB0660,2025-11-01,2025,Nov 2025,Sales,HR,Training,34,9.6,81.2,Failed,South
COLLAB0661,2025-11-01,2025,Nov 2025,Sales,HR,Escalation,17,2.6,83.4,Successful,South
COLLAB0662,2025-11-01,2025,Nov 2025,Sales,IT,Training,39,3.9,74.5,Successful,West
COLLAB0663,2025-11-01,2025,Nov 2025,Sales,IT,Review,22,13.8,91.6,Failed,Central
COLLAB0664,2025-11-01,2025,Nov 2025,Sales,IT,Support,48,1.7,58.6,Successful,South
COLLAB0665,2025-11-01,2025,Nov 2025,Sales,IT,Support,12,14.3,63.4,Successful,North
COLLAB0666,2025-11-01,2025,Nov 2025,Sales,Operations,Training,18,10.5,69.3,Partial,West
COLLAB0667,2025-11-01,2025,Nov 2025,Sales,Operations,Escalation,34,14.1,68.0,Successful,West
COLLAB0668,2025-12-01,2025,Dec 2025,Finance,HR,Support,37,7.3,82.2,Partial,North
COLLAB0669,2025-12-01,2025,Dec 2025,Finance,HR,Project,41,4.8,62.0,Partial,South
COLLAB0670,2025-12-01,2025,Dec 2025,Finance,IT,Support,40,3.7,63.3,Successful,East
COLLAB0671,2025-12-01,2025,Dec 2025,Finance,IT,Support,29,10.6,95.6,Successful,North
COLLAB0672,2025-12-01,2025,Dec 2025,Finance,IT,Review,29,1.6,86.0,Failed,North
COLLAB0673,2025-12-01,2025,Dec 2025,Finance,IT,Review,39,1.8,88.4,Partial,North
COLLAB0674,2025-12-01,2025,Dec 2025,Finance,Operations,Project,18,14.9,57.7,Successful,South
COLLAB0675,2025-12-01,2025,Dec 2025,Finance,Operations,Training,6,11.0,91.9,Partial,West
COLLAB0676,2025-12-01,2025,Dec 2025,Finance,Operations,Support,13,9.4,70.2,Successful,Central
COLLAB0677,2025-12-01,2025,Dec 2025,Finance,Sales,Support,13,2.0,57.4,Successful,West
COLLAB0678,2025-12-01,2025,Dec 2025,Finance,Sales,Training,39,14.5,61.1,Successful,Central
COLLAB0679,2025-12-01,2025,Dec 2025,HR,Finance,Escalation,7,2.3,63.1,Partial,West
COLLAB0680,2025-12-01,2025,Dec 2025,HR,Finance,Review,8,14.8,83.9,Partial,North
COLLAB0681,2025-12-01,2025,Dec 2025,HR,IT,Review,49,1.6,92.3,Partial,West
COLLAB0682,2025-12-01,2025,Dec 2025,HR,IT,Support,6,14.1,66.1,Successful,East
COLLAB0683,2025-12-01,2025,Dec 2025,HR,IT,Training,27,1.8,58.5,Successful,Central
COLLAB0684,2025-12-01,2025,Dec 2025,HR,IT,Escalation,11,5.0,63.4,Partial,North
COLLAB0685,2025-12-01,2025,Dec 2025,HR,Operations,Project,26,10.1,71.7,Successful,West
COLLAB0686,2025-12-01,2025,Dec 2025,HR,Operations,Support,29,3.2,95.1,Successful,East
COLLAB0687,2025-12-01,2025,Dec 2025,HR,Operations,Escalation,41,10.1,94.9,Failed,Central
COLLAB0688,2025-12-01,2025,Dec 2025,HR,Sales,Review,15,2.5,59.1,Successful,North
COLLAB0689,2025-12-01,2025,Dec 2025,HR,Sales,Escalation,20,12.1,80.4,Partial,West
COLLAB0690,2025-12-01,2025,Dec 2025,HR,Sales,Project,16,1.2,67.1,Partial,South
COLLAB0691,2025-12-01,2025,Dec 2025,HR,Sales,Project,19,12.4,87.7,Successful,South
COLLAB0692,2025-12-01,2025,Dec 2025,IT,Finance,Project,11,10.5,63.4,Partial,South
COLLAB0693,2025-12-01,2025,Dec 2025,IT,Finance,Escalation,12,2.6,77.3,Successful,East
COLLAB0694,2025-12-01,2025,Dec 2025,IT,Finance,Support,9,2.9,96.0,Successful,South
COLLAB0695,2025-12-01,2025,Dec 2025,IT,Finance,Support,37,13.6,79.2,Successful,South
COLLAB0696,2025-12-01,2025,Dec 2025,IT,HR,Training,10,8.8,69.9,Successful,North
COLLAB0697,2025-12-01,2025,Dec 2025,IT,HR,Support,41,7.6,96.8,Partial,East
COLLAB0698,2025-12-01,2025,Dec 2025,IT,HR,Review,47,1.5,89.6,Successful,East
COLLAB0699,2025-12-01,2025,Dec 2025,IT,HR,Project,9,8.9,56.8,Successful,North
COLLAB0700,2025-12-01,2025,Dec 2025,IT,Operations,Project,36,7.7,69.6,Successful,North
COLLAB0701,2025-12-01,2025,Dec 2025,IT,Operations,Support,49,14.3,61.0,Successful,West
COLLAB0702,2025-12-01,2025,Dec 2025,IT,Sales,Training,12,10.9,85.3,Successful,West
COLLAB0703,2025-12-01,2025,Dec 2025,IT,Sales,Review,41,8.5,68.9,Successful,Central
COLLAB0704,2025-12-01,2025,Dec 2025,IT,Sales,Project,26,4.9,59.1,Partial,North
COLLAB0705,2025-12-01,2025,Dec 2025,IT,Sales,Project,13,9.8,73.1,Partial,North
COLLAB0706,2025-12-01,2025,Dec 2025,Operations,Finance,Project,24,11.1,79.9,Successful,East
COLLAB0707,2025-12-01,2025,Dec 2025,Operations,Finance,Review,5,11.6,76.4,Successful,Central
COLLAB0708,2025-12-01,2025,Dec 2025,Operations,HR,Review,11,5.5,66.0,Successful,Central
COLLAB0709,2025-12-01,2025,Dec 2025,Operations,HR,Training,49,1.7,57.7,Partial,South
COLLAB0710,2025-12-01,2025,Dec 2025,Operations,HR,Project,19,14.1,95.3,Successful,North
COLLAB0711,2025-12-01,2025,Dec 2025,Operations,HR,Review,29,5.1,57.8,Partial,North
COLLAB0712,2025-12-01,2025,Dec 2025,Operations,IT,Training,9,5.4,55.5,Successful,Central
COLLAB0713,2025-12-01,2025,Dec 2025,Operations,IT,Review,11,9.5,91.4,Partial,Central
COLLAB0714,2025-12-01,2025,Dec 2025,Operations,IT,Training,23,8.1,64.6,Partial,North
COLLAB0715,2025-12-01,2025,Dec 2025,Operations,IT,Training,36,4.4,70.8,Successful,North
COLLAB0716,2025-12-01,2025,Dec 2025,Operations,Sales,Support,30,5.1,77.4,Successful,Central
COLLAB0717,2025-12-01,2025,Dec 2025,Operations,Sales,Project,20,3.2,59.5,Partial,West
COLLAB0718,2025-12-01,2025,Dec 2025,Sales,Finance,Review,35,9.3,88.3,Partial,South
COLLAB0719,2025-12-01,2025,Dec 2025,Sales,Finance,Support,28,1.5,69.1,Successful,North
COLLAB0720,2025-12-01,2025,Dec 2025,Sales,Finance,Support,27,8.8,75.7,Successful,East
COLLAB0721,2025-12-01,2025,Dec 2025,Sales,HR,Project,35,5.8,80.2,Successful,Central
COLLAB0722,2025-12-01,2025,Dec 2025,Sales,HR,Review,36,10.7,82.8,Successful,South
COLLAB0723,2025-12-01,2025,Dec 2025,Sales,HR,Support,11,13.5,56.6,Successful,Central
COLLAB0724,2025-12-01,2025,Dec 2025,Sales,HR,Training,21,6.9,55.4,Successful,East
COLLAB0725,2025-12-01,2025,Dec 2025,Sales,IT,Training,18,5.0,92.2,Successful,Central
COLLAB0726,2025-12-01,2025,Dec 2025,Sales,IT,Review,46,3.8,84.5,Successful,Central
COLLAB0727,2025-12-01,2025,Dec 2025,Sales,IT,Review,28,4.8,60.9,Failed,East
COLLAB0728,2025-12-01,2025,Dec 2025,Sales,Operations,Escalation,34,11.4,94.9,Failed,North
COLLAB0729,2025-12-01,2025,Dec 2025,Sales,Operations,Training,8,10.7,82.9,Successful,Central
COLLAB0730,2025-12-01,2025,Dec 2025,Sales,Operations,Project,24,13.7,92.8,Partial,East
COLLAB0731,2026-01-01,2026,Jan 2026,Finance,HR,Training,21,8.1,59.3,Successful,South
COLLAB0732,2026-01-01,2026,Jan 2026,Finance,HR,Escalation,34,8.2,57.3,Successful,East
COLLAB0733,2026-01-01,2026,Jan 2026,Finance,HR,Support,24,12.0,57.5,Successful,West
COLLAB0734,2026-01-01,2026,Jan 2026,Finance,HR,Project,43,5.8,83.3,Partial,North
COLLAB0735,2026-01-01,2026,Jan 2026,Finance,IT,Support,11,2.2,92.8,Successful,West
COLLAB0736,2026-01-01,2026,Jan 2026,Finance,IT,Training,37,8.8,97.3,Partial,East
COLLAB0737,2026-01-01,2026,Jan 2026,Finance,IT,Review,16,8.9,69.1,Successful,East
COLLAB0738,2026-01-01,2026,Jan 2026,Finance,Operations,Review,5,4.7,63.1,Successful,North
COLLAB0739,2026-01-01,2026,Jan 2026,Finance,Operations,Project,9,5.7,84.2,Successful,Central
COLLAB0740,2026-01-01,2026,Jan 2026,Finance,Sales,Escalation,47,10.7,79.0,Successful,Central
COLLAB0741,2026-01-01,2026,Jan 2026,Finance,Sales,Escalation,5,14.9,88.6,Successful,South
COLLAB0742,2026-01-01,2026,Jan 2026,Finance,Sales,Training,6,12.1,74.4,Failed,North
COLLAB0743,2026-01-01,2026,Jan 2026,Finance,Sales,Review,40,5.0,87.3,Successful,North
COLLAB0744,2026-01-01,2026,Jan 2026,HR,Finance,Project,32,5.3,96.6,Successful,Central
COLLAB0745,2026-01-01,2026,Jan 2026,HR,Finance,Review,40,6.7,78.8,Successful,East
COLLAB0746,2026-01-01,2026,Jan 2026,HR,Finance,Escalation,24,13.7,95.1,Partial,South
COLLAB0747,2026-01-01,2026,Jan 2026,HR,Finance,Review,20,12.7,79.2,Successful,West
COLLAB0748,2026-01-01,2026,Jan 2026,HR,IT,Escalation,14,11.4,64.0,Partial,West
COLLAB0749,2026-01-01,2026,Jan 2026,HR,IT,Escalation,27,1.0,91.8,Successful,East
COLLAB0750,2026-01-01,2026,Jan 2026,HR,IT,Escalation,30,11.0,87.6,Successful,Central
COLLAB0751,2026-01-01,2026,Jan 2026,HR,Operations,Support,45,9.0,55.0,Partial,East
COLLAB0752,2026-01-01,2026,Jan 2026,HR,Operations,Escalation,34,8.9,76.4,Partial,East
COLLAB0753,2026-01-01,2026,Jan 2026,HR,Operations,Training,25,14.4,85.4,Partial,South
COLLAB0754,2026-01-01,2026,Jan 2026,HR,Sales,Training,25,11.6,81.2,Failed,Central
COLLAB0755,2026-01-01,2026,Jan 2026,HR,Sales,Training,12,11.7,77.4,Successful,West
COLLAB0756,2026-01-01,2026,Jan 2026,IT,Finance,Training,9,8.1,73.6,Successful,West
COLLAB0757,2026-01-01,2026,Jan 2026,IT,Finance,Project,22,7.8,57.1,Successful,Central
COLLAB0758,2026-01-01,2026,Jan 2026,IT,Finance,Training,5,3.3,85.3,Successful,South
COLLAB0759,2026-01-01,2026,Jan 2026,IT,Finance,Escalation,37,3.2,68.1,Successful,East
COLLAB0760,2026-01-01,2026,Jan 2026,IT,HR,Training,29,4.2,69.2,Successful,Central
COLLAB0761,2026-01-01,2026,Jan 2026,IT,HR,Escalation,26,15.0,59.9,Successful,South
COLLAB0762,2026-01-01,2026,Jan 2026,IT,HR,Training,34,5.8,77.3,Partial,East
COLLAB0763,2026-01-01,2026,Jan 2026,IT,Operations,Support,47,14.0,81.8,Partial,East
COLLAB0764,2026-01-01,2026,Jan 2026,IT,Operations,Review,28,8.1,93.9,Partial,Central
COLLAB0765,2026-01-01,2026,Jan 2026,IT,Sales,Support,48,13.1,75.8,Partial,East
COLLAB0766,2026-01-01,2026,Jan 2026,IT,Sales,Training,13,3.0,68.2,Successful,West
COLLAB0767,2026-01-01,2026,Jan 2026,Operations,Finance,Review,31,12.5,66.0,Successful,South
COLLAB0768,2026-01-01,2026,Jan 2026,Operations,Finance,Escalation,38,11.7,89.1,Successful,West
COLLAB0769,2026-01-01,2026,Jan 2026,Operations,Finance,Review,22,12.2,71.8,Partial,Central
COLLAB0770,2026-01-01,2026,Jan 2026,Operations,Finance,Project,26,5.1,89.6,Partial,North
COLLAB0771,2026-01-01,2026,Jan 2026,Operations,HR,Support,41,1.6,97.9,Successful,East
COLLAB0772,2026-01-01,2026,Jan 2026,Operations,HR,Training,18,7.1,67.3,Failed,Central
COLLAB0773,2026-01-01,2026,Jan 2026,Operations,IT,Project,49,14.1,55.2,Successful,South
COLLAB0774,2026-01-01,2026,Jan 2026,Operations,IT,Review,11,3.8,64.7,Successful,South
COLLAB0775,2026-01-01,2026,Jan 2026,Operations,Sales,Support,19,13.5,80.9,Partial,East
COLLAB0776,2026-01-01,2026,Jan 2026,Operations,Sales,Escalation,20,5.5,96.5,Successful,North
COLLAB0777,2026-01-01,2026,Jan 2026,Operations,Sales,Review,32,7.3,90.9,Successful,East
COLLAB0778,2026-01-01,2026,Jan 2026,Sales,Finance,Support,30,10.4,82.6,Failed,North
COLLAB0779,2026-01-01,2026,Jan 2026,Sales,Finance,Project,38,9.4,72.9,Successful,Central
COLLAB0780,2026-01-01,2026,Jan 2026,Sales,Finance,Review,31,12.5,64.3,Successful,South
COLLAB0781,2026-01-01,2026,Jan 2026,Sales,Finance,Training,34,1.4,90.1,Successful,South
COLLAB0782,2026-01-01,2026,Jan 2026,Sales,HR,Project,35,5.9,71.7,Successful,West
COLLAB0783,2026-01-01,2026,Jan 2026,Sales,HR,Support,16,5.2,64.0,Partial,Central
COLLAB0784,2026-01-01,2026,Jan 2026,Sales,HR,Support,39,2.2,61.8,Successful,South
COLLAB0785,2026-01-01,2026,Jan 2026,Sales,IT,Review,29,4.0,94.1,Partial,North
COLLAB0786,2026-01-01,2026,Jan 2026,Sales,IT,Review,45,4.4,73.1,Partial,South
COLLAB0787,2026-01-01,2026,Jan 2026,Sales,IT,Support,48,9.1,70.5,Successful,South
COLLAB0788,2026-01-01,2026,Jan 2026,Sales,IT,Training,32,5.8,89.0,Successful,West
COLLAB0789,2026-01-01,2026,Jan 2026,Sales,Operations,Support,19,4.9,57.3,Successful,North
COLLAB0790,2026-01-01,2026,Jan 2026,Sales,Operations,Escalation,49,7.8,62.9,Successful,East
COLLAB0791,2026-01-01,2026,Jan 2026,Sales,Operations,Escalation,9,14.3,81.5,Successful,South
COLLAB0792,2026-01-01,2026,Jan 2026,Sales,Operations,Support,15,2.3,78.3,Successful,West
COLLAB0793,2026-02-01,2026,Feb 2026,Finance,HR,Escalation,17,1.7,56.1,Successful,South
COLLAB0794,2026-02-01,2026,Feb 2026,Finance,HR,Project,24,4.4,79.7,Failed,Central
COLLAB0795,2026-02-01,2026,Feb 2026,Finance,IT,Review,7,5.6,83.8,Successful,Central
COLLAB0796,2026-02-01,2026,Feb 2026,Finance,IT,Review,37,11.6,97.7,Partial,Central
COLLAB0797,2026-02-01,2026,Feb 2026,Finance,IT,Review,38,12.7,86.4,Partial,East
COLLAB0798,2026-02-01,2026,Feb 2026,Finance,IT,Training,31,9.9,77.1,Failed,East
COLLAB0799,2026-02-01,2026,Feb 2026,Finance,Operations,Training,37,12.2,96.4,Successful,Central
COLLAB0800,2026-02-01,2026,Feb 2026,Finance,Operations,Escalation,16,11.6,95.3,Partial,South
COLLAB0801,2026-02-01,2026,Feb 2026,Finance,Operations,Training,34,3.3,96.9,Successful,East
COLLAB0802,2026-02-01,2026,Feb 2026,Finance,Operations,Support,16,12.1,74.0,Partial,West
COLLAB0803,2026-02-01,2026,Feb 2026,Finance,Sales,Review,13,8.2,58.9,Partial,North
COLLAB0804,2026-02-01,2026,Feb 2026,Finance,Sales,Escalation,43,5.3,63.6,Successful,Central
COLLAB0805,2026-02-01,2026,Feb 2026,HR,Finance,Project,39,11.5,75.0,Successful,East
COLLAB0806,2026-02-01,2026,Feb 2026,HR,Finance,Support,20,4.9,94.9,Successful,South
COLLAB0807,2026-02-01,2026,Feb 2026,HR,Finance,Project,26,2.2,65.7,Failed,South
COLLAB0808,2026-02-01,2026,Feb 2026,HR,Finance,Training,7,8.2,69.5,Partial,South
COLLAB0809,2026-02-01,2026,Feb 2026,HR,IT,Support,33,14.5,84.3,Failed,West
COLLAB0810,2026-02-01,2026,Feb 2026,HR,IT,Training,20,10.9,58.4,Partial,East
COLLAB0811,2026-02-01,2026,Feb 2026,HR,IT,Training,39,2.2,91.0,Failed,South
COLLAB0812,2026-02-01,2026,Feb 2026,HR,Operations,Review,15,14.0,96.3,Successful,East
COLLAB0813,2026-02-01,2026,Feb 2026,HR,Operations,Project,32,4.1,69.0,Successful,West
COLLAB0814,2026-02-01,2026,Feb 2026,HR,Operations,Project,6,8.9,83.1,Successful,East
COLLAB0815,2026-02-01,2026,Feb 2026,HR,Operations,Escalation,34,4.8,55.7,Partial,East
COLLAB0816,2026-02-01,2026,Feb 2026,HR,Sales,Support,27,1.3,61.8,Successful,North
COLLAB0817,2026-02-01,2026,Feb 2026,HR,Sales,Review,34,14.1,89.3,Partial,Central
COLLAB0818,2026-02-01,2026,Feb 2026,IT,Finance,Training,11,1.9,73.5,Successful,South
COLLAB0819,2026-02-01,2026,Feb 2026,IT,Finance,Support,8,10.6,91.2,Successful,South
COLLAB0820,2026-02-01,2026,Feb 2026,IT,Finance,Escalation,39,8.5,56.3,Partial,East
COLLAB0821,2026-02-01,2026,Feb 2026,IT,HR,Support,29,5.6,95.2,Successful,West
COLLAB0822,2026-02-01,2026,Feb 2026,IT,HR,Escalation,24,6.8,75.2,Successful,West
COLLAB0823,2026-02-01,2026,Feb 2026,IT,HR,Support,18,10.6,56.7,Successful,West
COLLAB0824,2026-02-01,2026,Feb 2026,IT,HR,Escalation,21,10.0,83.1,Successful,West
COLLAB0825,2026-02-01,2026,Feb 2026,IT,Operations,Escalation,45,11.3,85.3,Failed,East
COLLAB0826,2026-02-01,2026,Feb 2026,IT,Operations,Review,15,6.9,66.9,Successful,Central
COLLAB0827,2026-02-01,2026,Feb 2026,IT,Sales,Training,22,4.1,89.6,Partial,North
COLLAB0828,2026-02-01,2026,Feb 2026,IT,Sales,Review,24,7.6,56.2,Partial,North
COLLAB0829,2026-02-01,2026,Feb 2026,IT,Sales,Training,35,14.3,68.9,Successful,South
COLLAB0830,2026-02-01,2026,Feb 2026,Operations,Finance,Project,16,7.5,70.9,Partial,Central
COLLAB0831,2026-02-01,2026,Feb 2026,Operations,Finance,Support,41,15.0,72.7,Successful,North
COLLAB0832,2026-02-01,2026,Feb 2026,Operations,Finance,Support,5,1.3,73.0,Failed,South
COLLAB0833,2026-02-01,2026,Feb 2026,Operations,HR,Review,46,7.5,96.9,Partial,South
COLLAB0834,2026-02-01,2026,Feb 2026,Operations,HR,Project,8,14.0,66.0,Failed,Central
COLLAB0835,2026-02-01,2026,Feb 2026,Operations,HR,Review,11,8.2,77.5,Partial,Central
COLLAB0836,2026-02-01,2026,Feb 2026,Operations,HR,Training,38,6.6,60.7,Partial,South
COLLAB0837,2026-02-01,2026,Feb 2026,Operations,IT,Project,38,10.9,77.8,Successful,Central
COLLAB0838,2026-02-01,2026,Feb 2026,Operations,IT,Project,21,12.4,92.9,Partial,East
COLLAB0839,2026-02-01,2026,Feb 2026,Operations,IT,Review,12,7.6,92.2,Partial,East
COLLAB0840,2026-02-01,2026,Feb 2026,Operations,Sales,Support,13,8.3,78.4,Successful,South
COLLAB0841,2026-02-01,2026,Feb 2026,Operations,Sales,Support,34,4.0,92.3,Successful,North
COLLAB0842,2026-02-01,2026,Feb 2026,Sales,Finance,Support,46,8.8,78.1,Successful,West
COLLAB0843,2026-02-01,2026,Feb 2026,Sales,Finance,Training,9,8.4,80.2,Successful,Central
COLLAB0844,2026-02-01,2026,Feb 2026,Sales,Finance,Support,27,8.0,66.3,Successful,East
COLLAB0845,2026-02-01,2026,Feb 2026,Sales,HR,Support,34,2.3,58.1,Successful,Central
COLLAB0846,2026-02-01,2026,Feb 2026,Sales,HR,Project,19,3.5,92.9,Successful,West
COLLAB0847,2026-02-01,2026,Feb 2026,Sales,HR,Support,14,13.3,67.7,Successful,North
COLLAB0848,2026-02-01,2026,Feb 2026,Sales,IT,Support,48,11.0,58.0,Failed,North
COLLAB0849,2026-02-01,2026,Feb 2026,Sales,IT,Review,10,2.5,72.0,Failed,Central
COLLAB0850,2026-02-01,2026,Feb 2026,Sales,IT,Support,19,10.7,66.8,Successful,Central
COLLAB0851,2026-02-01,2026,Feb 2026,Sales,Operations,Support,9,3.2,73.6,Successful,North
COLLAB0852,2026-02-01,2026,Feb 2026,Sales,Operations,Project,30,8.3,63.5,Failed,North
COLLAB0853,2026-02-01,2026,Feb 2026,Sales,Operations,Review,8,1.8,61.0,Successful,West
COLLAB0854,2026-03-01,2026,Mar 2026,Finance,HR,Training,34,7.2,80.0,Successful,South
COLLAB0855,2026-03-01,2026,Mar 2026,Finance,HR,Support,14,4.1,75.1,Successful,North
COLLAB0856,2026-03-01,2026,Mar 2026,Finance,HR,Project,49,14.7,73.2,Failed,West
COLLAB0857,2026-03-01,2026,Mar 2026,Finance,IT,Training,19,1.2,59.1,Successful,Central
COLLAB0858,2026-03-01,2026,Mar 2026,Finance,IT,Review,10,11.0,70.4,Successful,North
COLLAB0859,2026-03-01,2026,Mar 2026,Finance,Operations,Training,18,3.6,76.3,Successful,East
COLLAB0860,2026-03-01,2026,Mar 2026,Finance,Operations,Escalation,11,9.6,66.3,Successful,Central
COLLAB0861,2026-03-01,2026,Mar 2026,Finance,Operations,Project,29,8.9,78.6,Failed,North
COLLAB0862,2026-03-01,2026,Mar 2026,Finance,Operations,Escalation,16,2.2,86.0,Successful,Central
COLLAB0863,2026-03-01,2026,Mar 2026,Finance,Sales,Training,13,13.6,89.2,Successful,South
COLLAB0864,2026-03-01,2026,Mar 2026,Finance,Sales,Training,36,7.7,93.9,Partial,West
COLLAB0865,2026-03-01,2026,Mar 2026,HR,Finance,Review,39,8.6,60.3,Successful,West
COLLAB0866,2026-03-01,2026,Mar 2026,HR,Finance,Project,22,12.9,71.3,Successful,North
COLLAB0867,2026-03-01,2026,Mar 2026,HR,Finance,Training,28,2.9,94.8,Successful,West
COLLAB0868,2026-03-01,2026,Mar 2026,HR,IT,Review,34,4.7,70.8,Successful,South
COLLAB0869,2026-03-01,2026,Mar 2026,HR,IT,Project,37,10.4,78.5,Failed,East
COLLAB0870,2026-03-01,2026,Mar 2026,HR,IT,Review,19,5.1,96.0,Partial,Central
COLLAB0871,2026-03-01,2026,Mar 2026,HR,IT,Project,22,14.5,85.3,Partial,West
COLLAB0872,2026-03-01,2026,Mar 2026,HR,Operations,Review,31,12.0,67.1,Successful,West
COLLAB0873,2026-03-01,2026,Mar 2026,HR,Operations,Escalation,44,6.5,82.8,Failed,North
COLLAB0874,2026-03-01,2026,Mar 2026,HR,Sales,Review,9,6.7,82.9,Successful,North
COLLAB0875,2026-03-01,2026,Mar 2026,HR,Sales,Review,30,7.3,70.9,Successful,South
COLLAB0876,2026-03-01,2026,Mar 2026,HR,Sales,Support,9,8.6,94.7,Partial,South
COLLAB0877,2026-03-01,2026,Mar 2026,IT,Finance,Review,11,3.5,59.3,Partial,North
COLLAB0878,2026-03-01,2026,Mar 2026,IT,Finance,Escalation,39,3.6,64.4,Partial,South
COLLAB0879,2026-03-01,2026,Mar 2026,IT,HR,Support,31,10.6,93.9,Partial,East
COLLAB0880,2026-03-01,2026,Mar 2026,IT,HR,Support,24,5.3,94.0,Partial,East
COLLAB0881,2026-03-01,2026,Mar 2026,IT,Operations,Project,7,13.8,77.3,Partial,West
COLLAB0882,2026-03-01,2026,Mar 2026,IT,Operations,Support,19,11.8,76.5,Partial,South
COLLAB0883,2026-03-01,2026,Mar 2026,IT,Operations,Escalation,44,13.1,68.7,Successful,East
COLLAB0884,2026-03-01,2026,Mar 2026,IT,Operations,Review,26,12.2,93.1,Failed,East
COLLAB0885,2026-03-01,2026,Mar 2026,IT,Sales,Review,49,8.3,75.6,Successful,East
COLLAB0886,2026-03-01,2026,Mar 2026,IT,Sales,Escalation,33,9.8,73.4,Failed,West
COLLAB0887,2026-03-01,2026,Mar 2026,IT,Sales,Project,27,1.3,76.6,Successful,North
COLLAB0888,2026-03-01,2026,Mar 2026,Operations,Finance,Escalation,36,6.5,77.7,Partial,West
COLLAB0889,2026-03-01,2026,Mar 2026,Operations,Finance,Project,28,4.6,56.3,Successful,East
COLLAB0890,2026-03-01,2026,Mar 2026,Operations,Finance,Project,36,6.8,65.7,Successful,East
COLLAB0891,2026-03-01,2026,Mar 2026,Operations,Finance,Review,26,9.1,55.3,Successful,East
COLLAB0892,2026-03-01,2026,Mar 2026,Operations,HR,Training,35,3.9,77.5,Successful,East
COLLAB0893,2026-03-01,2026,Mar 2026,Operations,HR,Escalation,17,6.5,82.5,Partial,North
COLLAB0894,2026-03-01,2026,Mar 2026,Operations,HR,Support,49,8.5,74.8,Successful,East
COLLAB0895,2026-03-01,2026,Mar 2026,Operations,IT,Training,18,5.1,88.9,Partial,Central
COLLAB0896,2026-03-01,2026,Mar 2026,Operations,IT,Project,30,14.8,83.1,Partial,West
COLLAB0897,2026-03-01,2026,Mar 2026,Operations,IT,Training,39,10.8,75.8,Partial,North
COLLAB0898,2026-03-01,2026,Mar 2026,Operations,IT,Review,46,2.5,60.8,Partial,North
COLLAB0899,2026-03-01,2026,Mar 2026,Operations,Sales,Training,27,11.1,78.8,Successful,West
COLLAB0900,2026-03-01,2026,Mar 2026,Operations,Sales,Training,49,2.6,93.0,Successful,East
COLLAB0901,2026-03-01,2026,Mar 2026,Sales,Finance,Project,35,12.3,59.6,Successful,South
COLLAB0902,2026-03-01,2026,Mar 2026,Sales,Finance,Project,32,11.5,63.2,Partial,West
COLLAB0903,2026-03-01,2026,Mar 2026,Sales,Finance,Project,38,10.8,70.3,Successful,South
COLLAB0904,2026-03-01,2026,Mar 2026,Sales,Finance,Project,25,8.9,63.0,Successful,North
COLLAB0905,2026-03-01,2026,Mar 2026,Sales,HR,Support,8,10.6,62.8,Failed,South
COLLAB0906,2026-03-01,2026,Mar 2026,Sales,HR,Project,27,4.1,92.5,Successful,North
COLLAB0907,2026-03-01,2026,Mar 2026,Sales,HR,Escalation,32,8.8,66.0,Successful,West
COLLAB0908,2026-03-01,2026,Mar 2026,Sales,HR,Training,26,11.8,57.9,Successful,West
COLLAB0909,2026-03-01,2026,Mar 2026,Sales,IT,Project,41,8.5,83.2,Successful,Central
COLLAB0910,2026-03-01,2026,Mar 2026,Sales,IT,Escalation,40,7.7,76.9,Partial,East
COLLAB0911,2026-03-01,2026,Mar 2026,Sales,IT,Escalation,25,1.3,63.4,Successful,Central
COLLAB0912,2026-03-01,2026,Mar 2026,Sales,Operations,Training,17,3.6,77.8,Successful,North
COLLAB0913,2026-03-01,2026,Mar 2026,Sales,Operations,Project,43,1.4,75.0,Successful,East
COLLAB0914,2026-03-01,2026,Mar 2026,Sales,Operations,Training,31,13.4,67.2,Successful,Central
COLLAB0915,2026-04-01,2026,Apr 2026,Finance,HR,Training,36,6.9,90.1,Partial,East
COLLAB0916,2026-04-01,2026,Apr 2026,Finance,HR,Review,40,15.0,75.6,Partial,North
COLLAB0917,2026-04-01,2026,Apr 2026,Finance,HR,Training,9,1.6,72.4,Partial,South
COLLAB0918,2026-04-01,2026,Apr 2026,Finance,IT,Training,31,1.1,70.3,Successful,West
COLLAB0919,2026-04-01,2026,Apr 2026,Finance,IT,Project,32,13.6,61.7,Successful,Central
COLLAB0920,2026-04-01,2026,Apr 2026,Finance,IT,Training,31,9.5,58.6,Successful,Central
COLLAB0921,2026-04-01,2026,Apr 2026,Finance,IT,Support,7,9.3,89.8,Successful,East
COLLAB0922,2026-04-01,2026,Apr 2026,Finance,Operations,Support,25,8.5,84.6,Successful,Central
COLLAB0923,2026-04-01,2026,Apr 2026,Finance,Operations,Review,13,5.9,55.5,Partial,Central
COLLAB0924,2026-04-01,2026,Apr 2026,Finance,Operations,Support,10,5.8,95.4,Successful,North
COLLAB0925,2026-04-01,2026,Apr 2026,Finance,Sales,Project,28,4.6,90.2,Partial,South
COLLAB0926,2026-04-01,2026,Apr 2026,Finance,Sales,Project,24,12.0,91.7,Partial,Central
COLLAB0927,2026-04-01,2026,Apr 2026,Finance,Sales,Escalation,22,8.7,81.6,Partial,West
COLLAB0928,2026-04-01,2026,Apr 2026,HR,Finance,Training,14,1.8,86.9,Successful,South
COLLAB0929,2026-04-01,2026,Apr 2026,HR,Finance,Training,47,14.2,57.9,Failed,North
COLLAB0930,2026-04-01,2026,Apr 2026,HR,IT,Review,35,1.3,56.1,Partial,North
COLLAB0931,2026-04-01,2026,Apr 2026,HR,IT,Escalation,28,2.8,60.4,Partial,West
COLLAB0932,2026-04-01,2026,Apr 2026,HR,IT,Review,29,14.3,87.9,Successful,West
COLLAB0933,2026-04-01,2026,Apr 2026,HR,IT,Review,44,12.7,62.9,Successful,Central
COLLAB0934,2026-04-01,2026,Apr 2026,HR,Operations,Escalation,34,13.5,84.7,Successful,Central
COLLAB0935,2026-04-01,2026,Apr 2026,HR,Operations,Training,36,11.4,65.4,Successful,East
COLLAB0936,2026-04-01,2026,Apr 2026,HR,Sales,Review,45,11.4,60.1,Partial,Central
COLLAB0937,2026-04-01,2026,Apr 2026,HR,Sales,Support,26,3.1,73.6,Successful,North
COLLAB0938,2026-04-01,2026,Apr 2026,HR,Sales,Support,23,3.3,80.4,Successful,East
COLLAB0939,2026-04-01,2026,Apr 2026,HR,Sales,Support,12,3.7,93.5,Partial,South
COLLAB0940,2026-04-01,2026,Apr 2026,IT,Finance,Training,28,4.2,75.3,Successful,North
COLLAB0941,2026-04-01,2026,Apr 2026,IT,Finance,Training,27,3.2,86.0,Failed,South
COLLAB0942,2026-04-01,2026,Apr 2026,IT,HR,Review,10,8.3,83.1,Successful,West
COLLAB0943,2026-04-01,2026,Apr 2026,IT,HR,Project,21,3.5,87.5,Successful,South
COLLAB0944,2026-04-01,2026,Apr 2026,IT,Operations,Training,40,11.5,55.8,Partial,East
COLLAB0945,2026-04-01,2026,Apr 2026,IT,Operations,Support,45,13.9,71.2,Successful,East
COLLAB0946,2026-04-01,2026,Apr 2026,IT,Sales,Training,27,1.7,86.9,Successful,South
COLLAB0947,2026-04-01,2026,Apr 2026,IT,Sales,Support,11,11.9,78.0,Successful,Central
COLLAB0948,2026-04-01,2026,Apr 2026,IT,Sales,Project,35,5.3,62.8,Successful,East
COLLAB0949,2026-04-01,2026,Apr 2026,Operations,Finance,Escalation,20,6.3,63.0,Successful,East
COLLAB0950,2026-04-01,2026,Apr 2026,Operations,Finance,Review,11,1.4,68.2,Successful,Central
COLLAB0951,2026-04-01,2026,Apr 2026,Operations,Finance,Training,9,9.1,79.4,Partial,South
COLLAB0952,2026-04-01,2026,Apr 2026,Operations,HR,Training,18,5.2,56.8,Successful,South
COLLAB0953,2026-04-01,2026,Apr 2026,Operations,HR,Support,19,13.8,59.7,Partial,Central
COLLAB0954,2026-04-01,2026,Apr 2026,Operations,HR,Review,27,8.8,55.9,Successful,East
COLLAB0955,2026-04-01,2026,Apr 2026,Operations,HR,Project,42,10.1,83.4,Failed,South
COLLAB0956,2026-04-01,2026,Apr 2026,Operations,IT,Support,20,9.2,56.9,Successful,West
COLLAB0957,2026-04-01,2026,Apr 2026,Operations,IT,Training,34,5.6,96.7,Successful,East
COLLAB0958,2026-04-01,2026,Apr 2026,Operations,IT,Escalation,12,3.3,83.3,Successful,Central
COLLAB0959,2026-04-01,2026,Apr 2026,Operations,Sales,Training,15,4.9,82.9,Failed,North
COLLAB0960,2026-04-01,2026,Apr 2026,Operations,Sales,Project,10,8.5,65.2,Successful,West
COLLAB0961,2026-04-01,2026,Apr 2026,Operations,Sales,Escalation,42,7.4,82.3,Failed,Central
COLLAB0962,2026-04-01,2026,Apr 2026,Operations,Sales,Escalation,22,4.9,88.4,Successful,Central
COLLAB0963,2026-04-01,2026,Apr 2026,Sales,Finance,Project,39,8.3,91.6,Successful,East
COLLAB0964,2026-04-01,2026,Apr 2026,Sales,Finance,Support,49,4.8,70.4,Successful,Central
COLLAB0965,2026-04-01,2026,Apr 2026,Sales,HR,Project,27,11.8,55.8,Partial,West
COLLAB0966,2026-04-01,2026,Apr 2026,Sales,HR,Review,40,2.8,72.1,Partial,East
COLLAB0967,2026-04-01,2026,Apr 2026,Sales,HR,Escalation,23,11.6,68.8,Successful,West
COLLAB0968,2026-04-01,2026,Apr 2026,Sales,IT,Escalation,28,2.7,59.9,Partial,South
COLLAB0969,2026-04-01,2026,Apr 2026,Sales,IT,Support,43,11.7,65.5,Successful,South
COLLAB0970,2026-04-01,2026,Apr 2026,Sales,IT,Escalation,8,11.8,91.6,Successful,East
COLLAB0971,2026-04-01,2026,Apr 2026,Sales,Operations,Project,30,10.5,65.1,Partial,Central
COLLAB0972,2026-04-01,2026,Apr 2026,Sales,Operations,Review,33,10.2,75.7,Partial,South
COLLAB0973,2026-04-01,2026,Apr 2026,Sales,Operations,Review,27,10.3,92.2,Successful,West
COLLAB0974,2026-04-01,2026,Apr 2026,Sales,Operations,Project,46,1.4,97.6,Successful,North
COLLAB0975,2026-05-01,2026,May 2026,Finance,HR,Review,28,14.7,65.8,Successful,South
COLLAB0976,2026-05-01,2026,May 2026,Finance,HR,Project,37,2.0,84.4,Successful,South
COLLAB0977,2026-05-01,2026,May 2026,Finance,HR,Project,20,11.4,88.1,Partial,South
COLLAB0978,2026-05-01,2026,May 2026,Finance,HR,Review,37,10.9,97.6,Successful,Central
COLLAB0979,2026-05-01,2026,May 2026,Finance,IT,Project,17,3.2,83.4,Partial,Central
COLLAB0980,2026-05-01,2026,May 2026,Finance,IT,Escalation,33,9.1,68.0,Successful,East
COLLAB0981,2026-05-01,2026,May 2026,Finance,Operations,Training,36,12.9,63.2,Successful,South
COLLAB0982,2026-05-01,2026,May 2026,Finance,Operations,Support,41,7.8,58.2,Successful,West
COLLAB0983,2026-05-01,2026,May 2026,Finance,Sales,Escalation,40,14.7,83.9,Partial,East
COLLAB0984,2026-05-01,2026,May 2026,Finance,Sales,Escalation,24,10.0,93.0,Successful,Central
COLLAB0985,2026-05-01,2026,May 2026,Finance,Sales,Training,15,11.2,63.7,Successful,East
COLLAB0986,2026-05-01,2026,May 2026,Finance,Sales,Support,44,3.5,69.3,Failed,East
COLLAB0987,2026-05-01,2026,May 2026,HR,Finance,Support,20,14.8,83.0,Partial,Central
COLLAB0988,2026-05-01,2026,May 2026,HR,Finance,Support,36,13.0,64.4,Successful,West
COLLAB0989,2026-05-01,2026,May 2026,HR,IT,Project,48,5.3,84.0,Partial,West
COLLAB0990,2026-05-01,2026,May 2026,HR,IT,Review,29,2.9,78.6,Successful,South
COLLAB0991,2026-05-01,2026,May 2026,HR,Operations,Review,17,14.1,82.5,Successful,South
COLLAB0992,2026-05-01,2026,May 2026,HR,Operations,Training,45,9.7,91.5,Successful,Central
COLLAB0993,2026-05-01,2026,May 2026,HR,Operations,Support,13,4.8,74.2,Successful,South
COLLAB0994,2026-05-01,2026,May 2026,HR,Sales,Support,36,1.7,69.6,Successful,West
COLLAB0995,2026-05-01,2026,May 2026,HR,Sales,Project,36,4.1,63.6,Successful,North
COLLAB0996,2026-05-01,2026,May 2026,HR,Sales,Project,24,4.8,97.8,Successful,North
COLLAB0997,2026-05-01,2026,May 2026,IT,Finance,Training,38,7.5,91.3,Successful,South
COLLAB0998,2026-05-01,2026,May 2026,IT,Finance,Review,41,2.7,72.9,Successful,West
COLLAB0999,2026-05-01,2026,May 2026,IT,Finance,Training,9,9.0,61.7,Failed,North
COLLAB1000,2026-05-01,2026,May 2026,IT,Finance,Support,35,7.4,58.6,Failed,East
COLLAB1001,2026-05-01,2026,May 2026,IT,HR,Project,23,5.8,92.6,Partial,West
COLLAB1002,2026-05-01,2026,May 2026,IT,HR,Support,25,1.5,67.1,Successful,South
COLLAB1003,2026-05-01,2026,May 2026,IT,HR,Project,34,2.6,60.7,Successful,West
COLLAB1004,2026-05-01,2026,May 2026,IT,Operations,Escalation,44,1.7,87.7,Failed,South
COLLAB1005,2026-05-01,2026,May 2026,IT,Operations,Escalation,19,5.0,74.5,Failed,South
COLLAB1006,2026-05-01,2026,May 2026,IT,Sales,Training,5,4.4,86.3,Partial,East
COLLAB1007,2026-05-01,2026,May 2026,IT,Sales,Escalation,43,10.4,72.2,Successful,North
COLLAB1008,2026-05-01,2026,May 2026,IT,Sales,Review,44,14.7,74.1,Successful,West
COLLAB1009,2026-05-01,2026,May 2026,Operations,Finance,Support,16,5.2,58.7,Successful,North
COLLAB1010,2026-05-01,2026,May 2026,Operations,Finance,Review,24,5.8,89.1,Successful,East
COLLAB1011,2026-05-01,2026,May 2026,Operations,Finance,Support,24,8.9,63.3,Partial,Central
COLLAB1012,2026-05-01,2026,May 2026,Operations,Finance,Training,20,8.1,61.4,Successful,East
COLLAB1013,2026-05-01,2026,May 2026,Operations,HR,Project,29,9.6,58.0,Successful,West
COLLAB1014,2026-05-01,2026,May 2026,Operations,HR,Support,16,9.5,72.6,Partial,South
COLLAB1015,2026-05-01,2026,May 2026,Operations,HR,Project,19,5.8,65.2,Failed,Central
COLLAB1016,2026-05-01,2026,May 2026,Operations,IT,Support,38,1.7,60.6,Partial,South
COLLAB1017,2026-05-01,2026,May 2026,Operations,IT,Escalation,5,11.9,67.3,Successful,South
COLLAB1018,2026-05-01,2026,May 2026,Operations,IT,Review,8,7.2,81.5,Successful,South
COLLAB1019,2026-05-01,2026,May 2026,Operations,IT,Training,46,8.4,70.7,Successful,North
COLLAB1020,2026-05-01,2026,May 2026,Operations,Sales,Review,14,6.8,97.5,Failed,East
COLLAB1021,2026-05-01,2026,May 2026,Operations,Sales,Review,7,8.0,76.7,Failed,East
COLLAB1022,2026-05-01,2026,May 2026,Sales,Finance,Training,27,4.8,83.3,Successful,North
COLLAB1023,2026-05-01,2026,May 2026,Sales,Finance,Review,29,10.0,72.1,Successful,West
COLLAB1024,2026-05-01,2026,May 2026,Sales,Finance,Escalation,5,1.1,58.2,Successful,East
COLLAB1025,2026-05-01,2026,May 2026,Sales,Finance,Review,38,10.2,68.3,Successful,South
COLLAB1026,2026-05-01,2026,May 2026,Sales,HR,Training,14,14.5,92.3,Failed,East
COLLAB1027,2026-05-01,2026,May 2026,Sales,HR,Project,19,2.9,84.4,Partial,East
COLLAB1028,2026-05-01,2026,May 2026,Sales,HR,Review,38,14.4,68.6,Successful,South
COLLAB1029,2026-05-01,2026,May 2026,Sales,IT,Project,25,12.8,87.6,Successful,East
COLLAB1030,2026-05-01,2026,May 2026,Sales,IT,Review,24,1.6,74.9,Successful,East
COLLAB1031,2026-05-01,2026,May 2026,Sales,Operations,Training,37,9.3,73.8,Successful,East
COLLAB1032,2026-05-01,2026,May 2026,Sales,Operations,Review,14,8.1,95.4,Successful,West
COLLAB1033,2026-05-01,2026,May 2026,Sales,Operations,Escalation,24,4.3,76.5,Successful,Central
COLLAB1034,2026-05-01,2026,May 2026,Sales,Operations,Review,21,4.8,83.6,Successful,West
COLLAB1035,2026-06-01,2026,Jun 2026,Finance,HR,Escalation,18,3.5,72.8,Successful,East
COLLAB1036,2026-06-01,2026,Jun 2026,Finance,HR,Training,40,9.3,67.9,Failed,North
COLLAB1037,2026-06-01,2026,Jun 2026,Finance,HR,Escalation,12,12.6,58.2,Partial,South
COLLAB1038,2026-06-01,2026,Jun 2026,Finance,IT,Project,41,13.3,73.3,Successful,North
COLLAB1039,2026-06-01,2026,Jun 2026,Finance,IT,Escalation,17,6.5,68.0,Successful,East
COLLAB1040,2026-06-01,2026,Jun 2026,Finance,IT,Project,24,11.9,63.7,Partial,North
COLLAB1041,2026-06-01,2026,Jun 2026,Finance,Operations,Escalation,19,2.2,95.8,Partial,North
COLLAB1042,2026-06-01,2026,Jun 2026,Finance,Operations,Review,25,1.3,67.0,Partial,Central
COLLAB1043,2026-06-01,2026,Jun 2026,Finance,Operations,Review,17,11.9,83.5,Failed,South
COLLAB1044,2026-06-01,2026,Jun 2026,Finance,Sales,Project,22,7.2,82.3,Successful,South
COLLAB1045,2026-06-01,2026,Jun 2026,Finance,Sales,Support,24,10.7,80.1,Successful,West
COLLAB1046,2026-06-01,2026,Jun 2026,Finance,Sales,Review,40,10.5,71.7,Successful,South
COLLAB1047,2026-06-01,2026,Jun 2026,Finance,Sales,Training,21,9.4,80.9,Successful,South
COLLAB1048,2026-06-01,2026,Jun 2026,HR,Finance,Escalation,43,2.5,84.9,Partial,Central
COLLAB1049,2026-06-01,2026,Jun 2026,HR,Finance,Support,19,4.9,74.0,Failed,South
COLLAB1050,2026-06-01,2026,Jun 2026,HR,Finance,Review,17,7.7,64.5,Partial,Central
COLLAB1051,2026-06-01,2026,Jun 2026,HR,IT,Escalation,44,8.0,67.4,Partial,Central
COLLAB1052,2026-06-01,2026,Jun 2026,HR,IT,Project,11,9.0,92.8,Partial,West
COLLAB1053,2026-06-01,2026,Jun 2026,HR,IT,Review,10,4.0,60.2,Partial,South
COLLAB1054,2026-06-01,2026,Jun 2026,HR,Operations,Project,22,5.5,90.0,Failed,South
COLLAB1055,2026-06-01,2026,Jun 2026,HR,Operations,Escalation,31,6.7,71.8,Partial,Central
COLLAB1056,2026-06-01,2026,Jun 2026,HR,Operations,Escalation,12,13.3,75.4,Successful,North
COLLAB1057,2026-06-01,2026,Jun 2026,HR,Sales,Training,14,11.0,67.3,Successful,East
COLLAB1058,2026-06-01,2026,Jun 2026,HR,Sales,Escalation,34,4.5,82.1,Partial,West
COLLAB1059,2026-06-01,2026,Jun 2026,HR,Sales,Escalation,11,11.1,82.2,Successful,East
COLLAB1060,2026-06-01,2026,Jun 2026,IT,Finance,Support,43,9.3,97.3,Successful,Central
COLLAB1061,2026-06-01,2026,Jun 2026,IT,Finance,Review,7,12.0,83.2,Partial,East
COLLAB1062,2026-06-01,2026,Jun 2026,IT,HR,Escalation,17,4.3,97.2,Successful,West
COLLAB1063,2026-06-01,2026,Jun 2026,IT,HR,Escalation,15,13.0,65.4,Successful,North
COLLAB1064,2026-06-01,2026,Jun 2026,IT,HR,Support,15,3.2,75.9,Partial,North
COLLAB1065,2026-06-01,2026,Jun 2026,IT,Operations,Support,20,6.2,68.7,Successful,North
COLLAB1066,2026-06-01,2026,Jun 2026,IT,Operations,Review,6,9.8,58.0,Partial,North
COLLAB1067,2026-06-01,2026,Jun 2026,IT,Operations,Support,46,6.8,75.0,Partial,East
COLLAB1068,2026-06-01,2026,Jun 2026,IT,Sales,Support,18,13.7,64.6,Partial,Central
COLLAB1069,2026-06-01,2026,Jun 2026,IT,Sales,Escalation,18,5.3,69.3,Successful,West
COLLAB1070,2026-06-01,2026,Jun 2026,IT,Sales,Escalation,14,2.4,55.3,Successful,Central
COLLAB1071,2026-06-01,2026,Jun 2026,Operations,Finance,Training,27,9.3,64.6,Partial,South
COLLAB1072,2026-06-01,2026,Jun 2026,Operations,Finance,Training,12,5.9,81.5,Successful,South
COLLAB1073,2026-06-01,2026,Jun 2026,Operations,Finance,Support,16,3.3,56.9,Partial,West
COLLAB1074,2026-06-01,2026,Jun 2026,Operations,HR,Review,35,10.8,72.3,Partial,West
COLLAB1075,2026-06-01,2026,Jun 2026,Operations,HR,Support,15,3.9,86.2,Successful,West
COLLAB1076,2026-06-01,2026,Jun 2026,Operations,HR,Project,43,7.8,80.8,Successful,East
COLLAB1077,2026-06-01,2026,Jun 2026,Operations,IT,Review,21,13.3,82.1,Failed,Central
COLLAB1078,2026-06-01,2026,Jun 2026,Operations,IT,Support,33,7.1,68.9,Partial,West
COLLAB1079,2026-06-01,2026,Jun 2026,Operations,IT,Review,9,12.9,57.0,Successful,North
COLLAB1080,2026-06-01,2026,Jun 2026,Operations,IT,Escalation,28,3.8,93.5,Partial,West
COLLAB1081,2026-06-01,2026,Jun 2026,Operations,Sales,Review,44,4.4,61.5,Partial,North
COLLAB1082,2026-06-01,2026,Jun 2026,Operations,Sales,Support,23,15.0,64.9,Successful,South
COLLAB1083,2026-06-01,2026,Jun 2026,Sales,Finance,Training,33,4.2,73.1,Successful,Central
COLLAB1084,2026-06-01,2026,Jun 2026,Sales,Finance,Review,30,12.4,66.8,Successful,North
COLLAB1085,2026-06-01,2026,Jun 2026,Sales,Finance,Review,49,1.8,62.3,Successful,West
COLLAB1086,2026-06-01,2026,Jun 2026,Sales,Finance,Escalation,12,3.0,94.6,Successful,South
COLLAB1087,2026-06-01,2026,Jun 2026,Sales,HR,Training,33,4.9,76.6,Successful,South
COLLAB1088,2026-06-01,2026,Jun 2026,Sales,HR,Support,15,8.1,97.3,Successful,East
COLLAB1089,2026-06-01,2026,Jun 2026,Sales,HR,Escalation,15,3.1,70.0,Successful,Central
COLLAB1090,2026-06-01,2026,Jun 2026,Sales,IT,Training,12,6.8,57.2,Successful,Central
COLLAB1091,2026-06-01,2026,Jun 2026,Sales,IT,Training,28,6.8,95.3,Successful,West
COLLAB1092,2026-06-01,2026,Jun 2026,Sales,IT,Training,18,11.6,69.8,Successful,East
COLLAB1093,2026-06-01,2026,Jun 2026,Sales,IT,Support,6,10.7,82.7,Failed,East
COLLAB1094,2026-06-01,2026,Jun 2026,Sales,Operations,Training,15,5.1,56.0,Partial,East
COLLAB1095,2026-06-01,2026,Jun 2026,Sales,Operations,Training,32,7.3,62.1,Partial,Central
COLLAB1096,2026-06-01,2026,Jun 2026,Sales,Operations,Support,35,3.4,81.3,Successful,Central
